Date,Close,High,Low,Open,Volume
2020-01-02,296.12530517578125,296.1435533670269,293.9923531023892,294.9129966046256,59151200
2020-01-03,293.8829650878906,295.0041439336054,292.688876931802,292.74356586892327,77709700
2020-01-06,295.0041198730469,295.08615327203825,292.0143098616565,292.1328118215423,55653900
2020-01-07,294.1746826171875,294.91301114756425,293.7280191701127,294.4390032296372,40496400
2020-01-08,295.7425231933594,296.9548319309042,294.1200195395933,294.3661197989049,68296000
2020-01-09,297.7477722167969,297.820709338136,296.71775096243204,297.3011366636997,48473300
2020-01-10,296.89093017578125,298.48608887965315,296.42607426931494,298.3311461832845,53029300
2020-01-13,298.9327087402344,298.9418050156996,297.0823260256532,297.51074112791366,47086800
2020-01-14,298.4770812988281,299.54354357146394,297.9210399203598,298.4953016751799,62832800
2020-01-15,299.1515808105469,299.9081297404282,298.30387436905687,298.3859077842946,72056600
2020-01-16,301.6400451660156,301.6400451660156,300.3001103883815,300.5279902633712,54050300
2020-01-17,302.5788269042969,302.7884585291991,301.5761501633732,302.3509470912397,95846000
2020-01-21,301.98638916015625,302.78853074420584,301.5488776178504,301.62178693577914,77742400
2020-01-22,302.0227966308594,303.49035714511143,301.867853930092,302.84315842409643,48914900
2020-01-23,302.3692321777344,302.77942705597485,300.2636244798141,301.37567931823935,51963000
2020-01-24,299.68023681640625,303.1075588185603,298.3949910655985,303.02552540689584,87578400
2020-01-27,294.8766174316406,296.35327486722645,294.11094423605437,294.4482020679631,84062500
2020-01-28,297.966552734375,298.8416034600196,294.96764649476006,296.2984568633764,63834000
2020-01-29,297.720458984375,299.5526218615138,297.5199236056963,299.32474201380455,53888900
2020-01-30,298.6866149902344,298.89627442765044,294.9129398382602,295.66036446661803,75491800
2020-01-31,293.2631530761719,298.2218209474655,292.35163365596884,298.06685040639036,113845600
2020-02-03,295.4416809082031,297.3011883827756,294.62131896327486,294.7398209430448,69083000
2020-02-04,299.9445495605469,300.81050405404096,298.7231169921296,299.04215432222543,62573200
2020-02-05,303.4083557128906,303.6180152040548,301.4121536768775,302.8705625667215,65951100
2020-02-06,304.4292907714844,304.62070207645655,303.35367662683126,304.3654777307045,50359700
2020-02-07,302.8067626953125,304.4383624299263,302.2598454793981,303.37190028539015,64139400
2020-02-10,305.0672302246094,305.13104324290214,301.8860372115477,301.92250576733755,42070000
2020-02-11,305.5959167480469,307.200171523737,305.0672200674489,306.4162784131797,54864500
2020-02-12,307.56488037109375,307.77451202465284,306.66245727222037,307.02705945948134,43992700
2020-02-13,307.2366638183594,308.2028719590965,305.86938499837,306.14282963542433,54501900
2020-02-14,307.7288818359375,307.84738378054004,306.4527605428289,307.646848447526,64582200
2020-02-18,306.9359130859375,307.79274347896046,305.550385905375,306.7353777212436,57226200
2020-02-19,308.4034729003906,309.077988360176,307.6195795625174,307.9021483533661,48814700
2020-02-20,307.1364440917969,308.67691395841035,304.15575813081296,307.8565243216202,74163400
2020-02-21,303.97344970703125,306.0972773213097,303.153060127596,305.7873641141862,113788200
2020-02-24,293.8920593261719,304.0463696689848,292.8164454315438,294.5483543223174,161088400
2020-02-25,284.986572265625,295.8883379321786,284.1115213155918,295.2776354317167,218913200
2020-02-26,283.93829345703125,289.9634233462724,283.2090890630601,286.3811587759355,194773800
2020-02-27,271.1861572265625,283.99299421889395,271.1861572265625,278.43272007694435,284353500
2020-02-28,270.0467834472656,271.5325647241753,260.2752930240666,263.15569806188904,384975800
2020-03-02,281.741455078125,281.80526809577424,268.40592525729664,271.8241221224841,238703600
2020-03-03,273.6745910644531,286.07126116142535,271.24084970802795,282.1152700822015,300139100
2020-03-04,285.1780090332031,285.39679265326794,276.4912283478598,279.03437582366234,176613400
2020-03-05,275.6981506347656,281.17639114422417,273.46494478951723,277.995197331708,186366800
2020-03-06,271.14056396484375,272.3437762979566,264.55029623787203,267.2119174164198,228667200
2020-03-09,249.9659881591797,259.04471406948755,249.25500410266218,250.94129282702897,309417300
2020-03-10,262.90045166015625,262.9915813511426,249.30056924454237,259.4549092564181,276444100
2020-03-11,250.08447265625,256.9938059331485,246.91240265024598,255.863530672836,255316300
2020-03-12,226.15704345703125,243.0657284595874,225.76508294392715,233.34892983989002,392220700
2020-03-13,245.49041748046875,247.4593027706441,226.5308107156286,239.81164146550884,329566100
2020-03-16,218.6279296875,234.16932404862888,216.35824141554718,219.84023822786799,297240000
2020-03-17,230.43209838867188,233.50392810842425,216.09390266325667,223.35869921057358,262070500
2020-03-18,218.7646484375,226.39406110097966,207.8446502974257,215.34645080566406,327597100
2020-03-19,219.2295379638672,225.4916860447425,211.67304784141282,218.0810284637233,289322000
2020-03-20,209.781982421875,224.14947908525951,209.50691583930976,222.3707310405341,347158800
2020-03-23,204.418212890625,210.5888059303928,200.11804724519777,209.22266488933178,326025200
2020-03-24,222.939208984375,223.81025556170377,214.3663954320049,214.9348561536564,235494500
2020-03-25,226.2766571044922,235.04203577073906,219.82183239457268,224.51625036542322,299430300
2020-03-26,239.48890686035156,240.9558914934752,228.34881392408727,228.77974835482536,257632800
2020-03-27,232.35557556152344,239.13131375893414,230.18257586335054,232.21804924789328,224341200
2020-03-30,239.9014892578125,240.61665407010992,232.45643301160396,234.44605962945386,171369500
2020-03-31,236.32565307617188,241.4418275508448,234.92282878626662,238.90208181788717,194881100
2020-04-01,225.68980407714844,236.24309237023044,223.62682592656952,227.36769465180856,189554600
2020-04-02,230.89773559570312,231.67707467324524,224.25952385795503,224.8096570813122,177660400
2020-04-03,227.56031799316406,232.26391415318625,224.83718484688495,229.9166909570072,135561200
2020-04-06,242.84466552734375,244.80680088287363,227.54196002564834,236.40818218401068,188061200
2020-04-07,243.09219360351562,252.16929234238347,242.87215154323118,251.41744466183374,201427200
2020-04-08,251.25244140625,253.0586948036147,243.20224201687972,245.6869771638037,153774500
2020-04-09,255.07583618164062,257.8264741218556,252.57274558290803,254.50734750334323,189999200
2020-04-13,252.7469024658203,254.44313443997197,248.85016619211552,254.10389364132772,114839100
2020-04-14,260.20123291015625,261.2189556921162,252.60947200950213,257.6248038351175,134143400
2020-04-15,254.67239379882812,260.338700945521,252.56355469912342,254.49818449986756,121775000
2020-04-16,255.90101623535156,256.75370726229335,252.83864275488824,255.94684900762073,131798300
2020-04-17,262.8143005371094,263.4194162623719,258.9267132107058,261.65902364519036,146684800
2020-04-20,258.1840515136719,262.95183530213035,257.96400942467557,259.11925837284326,100109300
2020-04-21,250.3448028564453,254.92920065570146,249.40956779759313,253.72809067077185,126385700
2020-04-22,255.90101623535156,257.6430812956117,253.89304834549813,255.21335676570135,92951600
2020-04-23,255.88267517089844,260.3387233355944,255.58011729880272,257.17547840445417,104709700
2020-04-24,259.4493408203125,260.1186727932332,255.35088916404356,257.39554010912246,85063200
2020-04-27,263.190185546875,264.3087793852271,260.96217561684955,261.420615255831,77896600
2020-04-28,261.9799499511719,267.1786402598977,261.67736409264813,266.8302216256885,105270000
2020-04-29,268.83819580078125,270.36939668055743,266.2709447231819,267.29784515422165,118745600
2020-04-30,266.335205078125,268.9391398704189,264.6022891460337,267.4629491155694,122901700
2020-05-01,259.2843017578125,266.5001372793607,258.1198471539412,261.5948274910563,125180000
2020-05-04,259.9994812011719,260.30203907180845,255.92853469244014,257.4046969992286,80873200
2020-05-05,262.40167236328125,265.2073206037957,260.12780177122573,262.8142792143297,79569900
2020-05-06,260.6228942871094,264.4829476132183,260.19195997415204,264.0978740455981,73632600
2020-05-07,263.7678527832031,265.6933050734505,263.2635803176103,263.8320410550969,75250400
2020-05-08,268.1322326660156,268.5998501465137,265.76666797978606,266.89443979354115,76452400
2020-05-11,268.18719482421875,269.56251377203523,265.7849755389823,266.2067321816507,79514200
2020-05-12,262.8417663574219,269.78252047171196,262.70421209592996,269.36994163003214,95870800
2020-05-13,258.1932067871094,263.31855852406073,255.77263209509584,262.2824804769914,144721100
2020-05-14,261.2830810546875,261.41142959963264,250.29885756390482,255.76347804149395,121977900
2020-05-15,262.4842224121094,262.5300551877956,257.95483612918537,258.8992207520091,111146300
2020-05-18,270.4794006347656,272.08393945209053,268.3705893815132,268.6914747602291,119703800
2020-05-19,267.7012023925781,271.58876097438247,267.68287488299757,269.8833792126806,95189300
2020-05-20,272.2489318847656,273.1108005640989,271.0019896139452,271.2312094120459,85861700
2020-05-21,270.3693542480469,272.9274551573874,269.2782657160711,272.1205969507901,78293900
2020-05-22,270.8828430175781,271.0570523361643,268.8473696991475,270.08516244349306,63958200
2020-05-26,274.2202453613281,277.07175449936034,270.90114681308035,276.83335693039163,88951400
2020-05-27,278.3003845214844,278.3370675296901,272.19396476879547,277.007581296367,104817400
2020-05-28,277.786865234375,281.33518291515,277.11753341055845,279.32721542463037,90405200
2020-05-29,279.024658203125,279.6114462849819,274.57778891176497,277.3192485039644,119090800
2020-06-01,280.1524658203125,280.7576095309241,277.86944526100126,278.38289544316814,55758300
2020-06-02,282.47216796875,282.51802872321025,279.739885508997,281.06934373149255,74267200
2020-06-03,286.2314147949219,287.1849772402928,284.17761381806736,284.4526664557033,92567600
2020-06-04,285.4796142578125,286.98331020860866,283.38912992249556,285.2503943614797,75794400
2020-06-05,292.7962951660156,294.565865879508,290.797504578311,290.86169285851645,150524700
2020-06-08,296.33544921875,296.52798606844794,293.062182869184,293.60313838658124,73641200
2020-06-09,294.12567138671875,296.4086915242657,292.81451293214826,293.6763815746221,77479200
2020-06-10,292.4845275878906,295.5927621739855,291.7693627776029,294.70338803982554,95000800
2020-06-11,275.62310791015625,286.2039042091924,275.07300264511355,285.57125517345406,209243600
2020-06-12,278.9237976074219,283.38899457849544,273.7801190211421,282.61881945235933,194678900
2020-06-15,281.5278015136719,282.65557322051234,272.0747773753375,273.2483818586524,135782700
2020-06-16,286.94659423828125,289.4038525103005,282.0963219351536,289.2571484357814,137627500
2020-06-17,285.754638671875,288.25772952024136,285.02111835943526,287.9643213952654,83398900
2020-06-18,285.8646545410156,286.3414217497539,283.7833484028866,284.2417880969982,80828700
2020-06-19,284.2309265136719,289.5169641791191,282.28778324973854,289.3235800973279,135549600
2020-06-22,286.0542907714844,286.4502770307113,282.4903582303145,283.6322825514577,74649400
2020-06-23,287.37127685546875,289.627527981212,286.9660723422408,288.6973956071107,68471200
2020-06-24,280.0406799316406,285.952959017189,278.2080704245772,285.3359343924869,132813500
2020-06-25,283.0429382324219,283.3100111754416,277.45298321689944,279.4697872300513,89468000
2020-06-26,276.32025146484375,282.1588713157659,275.7400992165521,281.9470509652658,127961000
2020-06-29,280.3815002441406,280.51963173893165,275.2888463730119,277.5727234684733,79773300
2020-06-30,283.97314453125,285.6676517208702,279.7922134838648,279.94875319007417,113394800
2020-07-01,285.9622497558594,287.22392574002134,284.62694111006857,285.08739818187286,72396500
2020-07-02,287.53704833984375,290.7326217108491,286.8739889973159,289.38806675534465,69344200
2020-07-06,291.975830078125,292.55601050927066,290.6036769406393,291.3496151795207,61713800
2020-07-07,288.9644470214844,292.408657022588,288.5868688394488,290.43791531370204,82910000
2020-07-08,291.1746520996094,291.28515730964824,287.9698885921955,289.7288100254336,54638600
2020-07-09,289.5169677734375,292.0218551502653,286.1095744969354,291.78240850045916,83354200
2020-07-10,292.4731140136719,292.74018697945144,288.02511114921197,289.45251680342045,57550400
2020-07-13,289.9406433105469,297.1882340667077,289.2868020526864,294.81228763297554,102997500
2020-07-14,293.6979675292969,294.4715320808562,287.32522893206374,288.522406144319,93657000
2020-07-15,296.396240234375,297.4921303782736,294.0202658653574,296.91194993690715,87196500
2020-07-16,295.4200439453125,295.87128286396967,293.85447872341933,294.49912983927373,54622500
2020-07-17,296.2764892578125,297.0592718738817,294.4530691984586,296.42383888823116,62774900
2020-07-20,298.6708984375,299.4168366870497,295.26350467471246,296.0094429242622,56308800
2020-07-21,299.306396484375,301.0745363843272,298.3210113368383,300.63251546137764,57292200
2020-07-22,301.010009765625,301.32314533336705,298.83666568694713,298.9471708971752,57792900
2020-07-23,297.4183654785156,301.35068608523807,296.055430800531,300.6507824803938,75738000
2020-07-24,295.5028381347656,296.52503900949614,294.00174407556887,295.5673088486838,73766600
2020-07-27,297.6579284667969,297.8329044364121,295.40167713485863,296.1936780663919,48293000
2020-07-28,295.77001953125,298.04467867981947,295.47532024869815,296.9303522871835,57495000
2020-07-29,299.40765380859375,299.96942614775605,296.60806645726814,296.6449108985429,48454200
2020-07-30,298.3392639160156,298.7536864192263,294.36093716387984,296.4421835001925,61861700
2020-07-31,300.69683837890625,300.7981535361253,295.9172923240878,300.1258761780566,84986800
2020-08-03,302.7873840332031,303.551730444188,301.8112172413089,302.35455324026356,53077900
2020-08-04,303.9569396972656,303.9569396972656,301.93091720834786,301.93091720834786,41917900
2020-08-05,305.8448181152344,306.10270108517585,304.98837460760626,305.2554476092795,42697700
2020-08-06,307.8891296386719,308.0088529414731,304.94222204199883,305.2645475255263,43679400
2020-08-07,308.1102600097656,308.3957411535914,306.0197668612782,306.922272863609,57308300
2020-08-10,309.0311584472656,309.21532440909493,306.62755797641967,308.56148325207386,44282100
2020-08-11,306.4801940917969,310.8453459347755,305.7526922046899,310.2099129722672,69601100
2020-08-12,310.7532653808594,311.526829875344,308.8838108265044,308.91143712616207,53774400
2020-08-13,310.1914978027344,311.4992082489788,309.2705836615696,309.9888955675153,41816100
2020-08-14,310.20068359375,310.73482947821054,309.0771673345119,309.80469729931406,47260400
2020-08-17,311.1861267089844,311.58211307766084,310.2099598864431,311.2137530113555,35481000
2020-08-18,311.8583679199219,312.281980541681,309.98888529540005,311.58207682428633,38733900
2020-08-19,310.55987548828125,312.7516274630557,309.9981032669653,312.23591780968894,68054200
2020-08-20,311.5268859863281,312.005751301336,308.70889049740055,308.83780388433297,42207800
2020-08-21,312.6319274902344,312.85293788001695,310.8545419255064,311.1953037485117,55106600
2020-08-24,315.7999572753906,315.8736180566661,312.60438339712664,315.06320894225934,48588700
2020-08-25,316.9049377441406,316.9878166359839,315.20124113429597,316.3616018282348,38463400
2020-08-26,320.0821228027344,320.34916765874164,316.9510204608459,317.4943564112972,50790200
2020-08-27,320.78192138671875,322.2277629320019,319.1242876343591,320.94770724520384,58034100
2020-08-28,322.8541564941406,322.98309799950175,320.61634125746116,321.8043286971125,48588900
2020-08-31,321.68450927734375,323.51711938437126,321.4542807471516,322.64226783208227,66099200
2020-09-01,324.71435546875,324.81564254170917,321.620069114732,322.51335702094957,54908700
2020-09-02,329.4110107421875,330.37795938167653,325.4786892390397,326.6206419236981,69540000
2020-09-03,318.07452392578125,328.1953605553692,315.4959476689743,327.7256853866652,148011100
2020-09-04,315.4775695800781,320.32155893623025,308.3865193279406,318.7560217314167,139156300
2020-09-08,306.8578796386719,315.54212379780256,306.55399025218475,310.081080041653,114465300
2020-09-09,312.91748046875,315.37630593191915,309.98895161129644,310.85461330882225,91462300
2020-09-10,307.48406982421875,315.44075426286713,306.5263111431715,314.7869130200324,90569500
2020-09-11,307.640625,310.32048895230275,304.8226295252226,309.2614431412323,84680200
2020-09-14,311.6925964355469,313.46076397555305,307.78792941912315,310.79930858274395,65605700
2020-09-15,313.267333984375,314.9710024350509,311.70176891157143,314.14218543935834,52920900
2020-09-16,312.024169921875,315.92883731092843,311.74787878709503,314.50143147881846,82096000
2020-09-17,309.27978515625,310.99269998077335,306.6551743743273,307.1801021515254,91523300
2020-09-18,305.71917724609375,310.19424068358853,303.2412544546544,310.0832931282361,105877900
2020-09-21,302.31658935546875,302.4645288032245,297.47169236186676,301.14235702314835,99450800
2020-09-22,305.3955078125,305.9502737084909,301.29027968535905,303.7959671425477,63612100
2020-09-23,298.3131408691406,306.22771947563723,297.8138486616711,305.9503223752341,93112200
2020-09-24,299.1082763671875,302.1594468796686,295.6872430633771,297.0001882528296,76681300
2020-09-25,303.9438781738281,304.72976588504673,297.3884651870098,298.2575635423611,71069400
2020-09-28,308.9923095703125,309.7042419499173,307.1061162454565,308.09544576444915,64584600
2020-09-29,307.3094482421875,309.5284836874694,306.6159979020015,308.788814611231,51304000
2020-09-30,309.6394958496094,312.78313211808506,307.781039690102,307.97519790754353,104081100
2020-10-01,311.62738037109375,313.1991843917802,309.7504423645945,312.22836509125534,88698700
2020-10-02,308.66864013671875,311.59963625667905,306.2184543549931,306.69000965854815,89431100
2020-10-05,314.142333984375,314.3272371892056,310.6750814573515,310.7213002044158,45713100
2020-10-06,309.6763916015625,316.37051739087525,309.1678726905185,314.2809115493329,90128900
2020-10-07,315.06695556640625,315.87135369140464,312.5982591880481,312.625996081442,56999600
2020-10-08,317.8592224121094,317.92395123204756,316.0839766813295,316.9993505468978,45242500
2020-10-09,320.69775390625,321.16005424971684,318.8855444605007,319.50501111946494,59528600
2020-10-12,325.85693359375,327.3270449402805,322.74103455582997,323.23107167134015,80388500
2020-10-13,323.73040771484375,325.89396970025575,322.76881520469266,325.71829333157706,73255500
2020-10-14,321.6961975097656,325.39459896157194,320.96578353895984,324.3035773052644,57727900
2020-10-15,321.2987060546875,321.7794882050628,317.25820597808996,317.7944619067174,60357700
2020-10-16,321.1045227050781,324.30363260576735,320.92884634883575,322.648589773227,89501900
2020-10-19,316.2226257324219,322.99067994136914,315.3257621196153,322.36195837394564,68425600
2020-10-20,317.4892883300781,320.72538971441617,316.80509306669023,317.5632439464316,60051900
2020-10-21,316.8883056640625,319.6066331009399,316.5831717303874,317.4430433315355,63575000
2020-10-22,318.6264953613281,319.20899806410466,314.9650860794551,317.10091051192785,55399300
2020-10-23,319.70831298828125,319.902471164237,317.2581276650549,319.84699739967823,49143900
2020-10-26,313.8002014160156,317.1195140807674,310.31443920384794,316.33359795190205,91473000
2020-10-27,312.7183837890625,314.4751191044585,312.5057155150436,314.1422764667609,65994100
2020-10-28,302.0299987792969,312.7461150486337,301.5399616493468,307.059827691063,127094300
2020-10-29,305.0996398925781,308.26175735299205,300.5783305446324,302.26110998803335,90597700
2020-10-30,301.9190673828125,304.8315534323046,298.27613900813606,303.5278632885841,120287300
2020-11-02,305.3031311035156,307.3002435800331,302.566292996373,305.3031311035156,86068300
2020-11-03,310.6934814453125,312.74609552911073,305.38628400502864,308.5299198245358,93294200
2020-11-04,317.63726806640625,321.7055046793928,313.98508475423665,315.1593172475223,126959700
2020-11-05,323.83203125,325.635013295376,322.5560781983881,322.9074308608974,82039700
2020-11-06,323.7581481933594,325.0063646417054,321.43739166729375,323.5454798982403,74973000
2020-11-09,327.8263854980469,336.90597013486416,327.3640851994297,336.52688050400957,172304200
2020-11-10,327.34552001953125,328.3995497594577,324.08168187076836,326.8369728905607,85552000
2020-11-11,329.77728271484375,330.60016251209254,328.2886611922482,329.5276225136965,58649000
2020-11-12,326.5781555175781,329.8235125087104,324.7752013576145,328.76945432758134,67546200
2020-11-13,331.0994567871094,331.8391259274995,327.96504743366876,328.48282147525566,62892200
2020-11-16,335.2324523925781,335.4266106214588,332.4771323966517,333.76234079790987,74541100
2020-11-17,333.429443359375,334.63144099542336,331.3213552496351,332.8284586496354,66111000
2020-11-18,329.416748046875,334.2431650021247,329.37975611691144,333.69765395560677,70591300
2020-11-19,330.8035888671875,331.173423449706,327.44728430310664,328.7879664083773,59940900
2020-11-20,328.538330078125,330.7481391320541,328.4643744428736,330.5447258643978,70417300
2020-11-23,330.5076904296875,331.7651617960009,328.1129784945893,330.34126910985094,63230600
2020-11-24,335.8333740234375,336.37888489880055,332.1997010545498,333.0503176608031,62415900
2020-11-25,335.3155517578125,335.7778519127398,334.22453016415915,335.7501150321066,45330900
2020-11-27,336.2494201660156,336.72094715510167,335.241580958537,336.4065864235232,28514100
2020-11-30,334.76080322265625,335.7408773444086,332.0887228617469,335.4727353400609,83872700
2020-12-01,338.42230224609375,339.95714263167446,337.41449097572354,338.00624890506265,74231400
2020-12-02,339.13421630859375,339.2913825881508,336.7395044630417,337.3127522431998,45927000
2020-12-03,339.041748046875,340.4286487496057,337.94147123204993,339.03249301288866,62882000
2020-12-04,341.9634094238281,341.9634094238281,339.53170624230603,339.6241719109745,50749900
2020-12-07,341.2607116699219,341.75074868637205,339.9940138094691,341.19598287878136,48944300
2020-12-08,342.2593994140625,342.8233922079248,339.9478980295718,339.99411677063375,42458900
2020-12-09,339.18975830078125,343.0730641489794,338.3576233487797,342.91589783781166,74098300
2020-12-10,339.0787658691406,340.1235407764272,336.952167699225,337.82129446332254,57735400
2020-12-11,338.6811828613281,339.08800937588853,335.8704174000004,337.38674768616795,57698600
2020-12-14,337.164794921875,341.91722644158915,336.98911858351033,340.8447147774003,69216200
2020-12-15,341.72314453125,341.72314453125,338.3298760097503,339.69826688785116,63865300
2020-12-16,342.2593994140625,343.17474493301853,341.05740176418556,341.93578357691985,58420500
2020-12-17,344.17327880859375,344.3766920459077,343.0730019635639,343.8959099470601,64119500
2020-12-18,342.7990417480469,344.6282701572163,340.79338813671035,344.46113944048307,136542300
2020-12-21,341.5733947753906,351.415944151772,336.1600082036477,338.8899235370573,96386700
2020-12-22,340.9977111816406,342.0098184311258,339.87418344037354,341.89839793934385,47949000
2020-12-23,341.30413818359375,343.20763766131074,340.9791428653168,341.96339496968784,46201400
2020-12-24,342.6319274902344,342.659782611028,341.19269902115246,341.7776565578183,26457900
2020-12-28,345.575439453125,345.9654111690172,344.5540377310399,345.1761449139129,39000400
2020-12-29,344.9161071777344,347.2746111341923,344.33112134700883,347.0981859364546,53680500
2020-12-30,345.40826416015625,346.4389603203097,345.0182924625775,345.733259466037,49455300
2020-12-31,347.1632385253906,347.8875000497571,344.7026082398412,345.2132949330659,78520700
2021-01-04,342.43695068359375,348.6210426946345,338.7506384714175,348.4910332362678,110210800
2021-01-05,344.79541015625,345.88181651795514,341.74979422078724,341.7962383123607,66426200
2021-01-06,346.8567810058594,350.04170094295614,342.743347597711,343.29118386394964,107997700
2021-01-07,352.01025390625,352.7530761209453,349.0482028609267,349.2246280958658,68766800
2021-01-08,354.0159606933594,354.229507235089,350.1532222597249,353.39382503469784,71677200
2021-01-11,351.6295471191406,353.384476638568,350.72886031003054,350.8495752953006,51034700
2021-01-12,351.70379638671875,352.7159036317569,349.4660070637659,351.8152452148604,52547700
2021-01-13,352.65081787109375,353.6443358349037,350.8494449222503,351.62941645625875,45303600
2021-01-14,351.4158630371094,353.89508169750326,351.0816016465891,353.3936612748807,49989100
2021-01-15,348.8531799316406,350.59881478443,346.9960962553196,349.800282405299,107160000
2021-01-19,351.5923767089844,352.1309468672761,349.82815280679114,351.3045309935299,51233300
2021-01-20,356.4578857421875,357.2935676023044,353.48654097639,353.87651262058415,61836100
2021-01-21,356.7828674316406,357.4421524664681,355.86362018115483,357.01500286554875,47840100
2021-01-22,355.52008056640625,356.68075778914084,354.55438918277406,354.9350947122526,52860500
2021-01-25,356.9221496582031,357.2749716933398,351.4158759647186,356.2535985157263,70402000
2021-01-26,356.3651428222656,358.2779370791173,356.1330073218045,357.8693763313574,42665300
2021-01-27,347.65533447265625,353.14301984374345,345.4268398473695,353.05015999751345,123351100
2021-01-28,350.6452331542969,354.6379514307327,349.0295795422171,349.465966970764,94198100
2021-01-29,343.62548828125,349.75387014169314,341.95409595375736,348.7881786860428,126765100
2021-02-01,349.3452453613281,350.3759130211794,343.9132708831619,347.01459668411917,75817600
2021-02-02,354.2851257324219,355.83580306474755,349.42887007201125,352.52090191367535,64450700
2021-02-03,354.563720703125,356.28152883956943,353.29162286803046,355.11155700905664,52427100
2021-02-04,358.59356689453125,358.63998265068375,354.6751192898168,355.59436662167684,47142600
2021-02-05,360.0049743652344,360.710675281438,358.54718510912704,360.4599791681368,48669800
2021-02-08,362.6048889160156,362.6513046740329,360.59923510850524,361.4534777465929,38365200
2021-02-09,362.36346435546875,362.95774475328056,361.3606516052226,361.76918395765694,35551100
2021-02-10,362.20562744140625,364.24843104388964,359.81000170472225,364.09986093308623,59154400
2021-02-11,362.79058837890625,363.70056961850463,360.36710768462626,363.28271443963257,42913300
2021-02-12,364.5826721191406,364.82407372216704,361.91773330512245,361.9920325190132,50593300
2021-02-16,364.26690673828125,366.0033035639086,363.5519398125603,365.80828939947554,50972400
2021-02-17,364.3504943847656,364.60119044464864,361.5091306885375,362.5212660866274,52290600
2021-02-18,362.7997741699219,363.542596113311,360.03271000764204,361.75051763067523,59712800
2021-02-19,362.15911865234375,364.3411973179349,361.71340843442175,364.05335165745737,83241000
2021-02-22,359.37359619140625,361.7785164844223,359.1043110867799,359.4014513169295,67414200
2021-02-23,359.8099670410156,361.15636405887625,353.0316228676275,357.1729115862207,107284100
2021-02-24,363.7747802734375,364.2019298681405,357.7392590796617,358.7235110381606,72433900
2021-02-25,355.00921630859375,363.8768035636655,353.56998849232167,362.51184659020595,146670500
2021-02-26,353.1801452636719,358.0271345906392,351.20237503364604,356.8850463128118,152701600
2021-03-01,361.7413635253906,362.9856346855263,353.3752197529631,358.0364901808045,105348800
2021-03-02,358.9185485839844,362.19629994312015,358.41712808705853,361.9641644974679,79595300
2021-03-03,354.1643981933594,359.1877840030245,354.06224386816876,358.22212100889243,119940200
2021-03-04,349.7817077636719,356.5600515760826,345.306129482108,353.9787065028338,183433000
2021-03-05,356.21649169921875,357.2657484566025,346.01182648724296,353.27300175449477,152039600
2021-03-08,354.44293212890625,359.97703262153334,354.1643809589317,357.17284694203045,123149200
2021-03-09,359.5035095214844,362.04770476168795,357.77640719038783,358.2778276525571,113633600
2021-03-10,361.7413635253906,363.43131668977617,360.43214430105473,361.8435178759324,109899400
2021-03-11,365.4090576171875,367.3775617218999,363.7469598417814,364.201964598063,86245000
2021-03-12,365.90118408203125,366.0404596864284,363.2455681020347,364.05339494438545,64653600
2021-03-15,368.083251953125,368.343242519141,364.0162344057818,366.15186917399524,73427200
2021-03-16,367.6190185546875,369.40180309295295,366.8483129268186,368.6961305342788,73722500
2021-03-17,368.87255859375,369.6710910137919,365.19551232371896,366.33762904443535,97959300
2021-03-18,363.5054931640625,368.37104231310417,362.8276475623629,366.2911180973628,115349100
2021-03-19,362.83294677734375,364.77995178052817,360.66234252833834,363.205574280837,113624500
2021-03-22,365.73016357421875,367.10891663764517,363.28942068287944,363.3453133880508,73778600
2021-03-23,362.85162353515625,366.54068471271836,362.0690971295922,365.0967422553669,90686600
2021-03-24,361.00701904296875,365.87920816679144,360.9604512667513,364.2489379839986,97588600
2021-03-25,363.03790283203125,363.82972563036685,357.63470442840975,359.5724129695901,116128600
2021-03-26,368.88824462890625,369.28881849367565,363.5875351124933,364.18373344592686,114409100
2021-03-29,368.7019348144531,369.60557150137186,365.9351320456119,367.4163456691813,108107600
2021-03-30,367.7237854003906,368.39452632963565,366.13075792489735,367.43499693096027,76262200
2021-03-31,369.21435546875,370.77011191473036,368.2641508437477,368.29209720243415,112734200
2021-04-01,373.2014465332031,373.25736766767085,370.93770669938243,371.14265609357545,99682900
2021-04-05,378.55810546875,379.0984396024881,375.7820059480064,375.8565200890422,91684800
2021-04-06,378.3344421386719,379.3778104361055,377.66370131465686,377.9990859414913,62021000
2021-04-07,378.77227783203125,379.11695894712534,377.710288137678,378.16675464905626,55836300
2021-04-08,380.57025146484375,380.62614416673193,379.08903800549706,380.02062094317336,57863100
2021-04-09,383.3370666503906,383.5047731912766,380.328071856803,380.4491821914655,61104600
2021-04-12,383.4768981933594,383.7470368351651,382.1354161945966,382.74093955092366,56704900
2021-04-13,384.6133728027344,385.2375459689583,382.992427357714,383.3743798281407,56551000
2021-04-14,383.2998352050781,385.63808919365846,382.7595011466084,384.58539585907903,61659900
2021-04-15,387.4174499511719,387.68761700399335,385.3866056650256,385.4331734470441,60229800
2021-04-16,388.7123107910156,389.31783402254797,387.28699001478793,388.70298586402646,82037300
2021-04-19,386.8025817871094,388.2279026853113,385.4797498055928,387.7807610260529,78498500
2021-04-20,383.9705810546875,386.6907875184191,382.4986639809094,385.59152639170094,81851800
2021-04-21,387.603759765625,387.808709170284,383.2159832062883,383.35574340510965,66793000
2021-04-22,384.06365966796875,388.2651075101176,383.0016699793457,387.43601353904774,97582800
2021-04-23,388.2279052734375,389.6346047551007,384.54816933952253,384.62268347334305,73209200
2021-04-26,389.0384216308594,389.60670212994864,388.2931664903758,388.88006841759574,52182400
2021-04-27,388.9545593261719,389.5321647196547,387.81802682554365,389.3365118024942,51303100
2021-04-28,388.8426818847656,390.3425450797539,388.3768904526014,389.22463427069863,51238900
2021-04-29,391.32080078125,391.9356490483459,387.94847445568877,391.56302148849824,78544300
2021-04-30,388.7495422363281,389.9047243925387,387.85523059091884,389.05698052139843,85527000
2021-05-03,389.5880126953125,391.1157939955126,389.0942748542552,390.7338415630485,68128300
2021-05-04,387.18450927734375,388.09747082223015,383.5047736052085,387.6037329855272,101591200
2021-05-05,387.3056335449219,389.0570141395226,386.7466780571217,388.8241183887439,60162200
2021-05-06,390.3984680175781,390.528874845266,385.3772223436678,387.3801199711882,74321400
2021-05-07,393.2397766113281,393.89189602548134,390.48229913565626,391.16236490015007,67733800
2021-05-10,389.3457946777344,393.81738162988034,389.2246843410474,393.59381081117,81852400
2021-05-11,385.8709716796875,386.8584473474661,382.0049080638009,384.8369282355566,116888000
2021-05-12,377.6730651855469,384.3618242624742,376.3595297518344,383.09488503627756,134811000
2021-05-13,382.2098388671875,384.1382223326197,379.17286945378146,379.2194656575238,106394000
2021-05-14,388.078857421875,388.9266014154042,384.9114807136324,384.9394270681594,82201600
2021-05-17,387.09136962890625,387.90187074432333,385.0791468765085,386.97028771615726,65129200
2021-05-18,383.75628662109375,387.59440386559174,383.597905008926,387.3521831986254,59810200
2021-05-19,382.7502746582031,382.9272777473984,377.59862050082813,379.07986286402354,106467100
2021-05-20,386.8677673339844,388.12541000565056,383.50476652206805,383.6258484249689,78022200
2021-05-21,386.5510559082031,389.5880256140857,386.0945893314259,388.3490042918943,76578700
2021-05-24,390.49163818359375,391.56295289159766,388.544604797389,388.7868254622032,51376700
2021-05-25,389.62530517578125,391.92631656128196,389.047728204707,391.5723104358726,57451400
2021-05-26,390.3984680175781,390.9015023339306,389.1780966451499,390.2121400584183,43088600
2021-05-27,390.6033935546875,391.93555024942225,390.3239016330106,391.4231910374945,56707700
2021-05-28,391.3021545410156,392.4293620777178,391.0692587771713,392.1685199593985,58520200
2021-06-01,390.9573974609375,393.7987138563774,390.51955237272466,393.65898211112926,54216600
2021-06-02,391.572265625,392.4107130596126,390.6034397848831,391.60953690489885,49097100
2021-06-03,390.1189270019531,391.25545917868044,387.7992948793943,389.2618867288055,58138800
2021-06-04,393.6869812011719,393.9850945840739,390.18422002621526,391.96354696648706,55938800
2021-06-07,393.3050537109375,393.85468430384935,392.3734706525122,393.67768124837585,51555000
2021-06-08,393.3889465332031,394.2553120728137,391.56305144947635,394.16214806830806,47134300
2021-06-09,392.8019104003906,394.301773600504,392.57833960967673,394.22723105049744,48436300
2021-06-10,394.6278076171875,395.57804034366546,392.7087491710795,394.0222844350054,51020100
2021-06-11,395.2800598144531,395.39184524815073,393.89200996327,395.1775993101179,45570800
2021-06-14,396.1649475097656,396.2674079810726,394.1527250628629,395.39171779317087,42358500
2021-06-15,395.43841552734375,396.35134879576736,394.56272511460134,396.31410594008616,51508500
2021-06-16,393.2304992675781,395.8016775286566,391.19035858653814,395.5781066988787,80386100
2021-06-17,393.1000671386719,394.0782178856841,390.63137795315737,392.82060361942723,90949700
2021-06-18,387.7969970703125,390.5167474088944,387.5913771677302,389.82512979232945,118676300
2021-06-21,393.3486633300781,393.53560087943845,388.7409408172673,389.5540649639203,72822000
2021-06-22,395.4516296386719,396.28346475320944,392.61969941589416,393.33938339648705,57700300
2021-06-23,394.9749450683594,396.3301424887815,394.8908317268986,395.5263737663793,49445400
2021-06-24,397.3114929199219,397.73205959660106,396.8628599421337,397.11522847080494,45110300
2021-06-25,398.7228088378906,399.1714418641056,397.73210252899935,398.05922899461444,58129500
2021-06-28,399.5265808105469,399.6948074887242,398.0498768754374,399.2462030135846,53159600
2021-06-29,399.7415771484375,400.5453458904214,399.20883078354126,399.9098038354574,35970500
2021-06-30,400.0780029296875,400.75093815402226,399.25552337520446,399.2835611544407,64827900
2021-07-01,402.2930603027344,402.4519600618117,400.76960779298105,400.835038783346,53441000
2021-07-02,405.36810302734375,405.72326732240344,402.3772728272661,403.4521211484216,57697700
2021-07-06,404.6296081542969,405.63902514839896,401.9005028468746,405.4240498479031,68710400
2021-07-07,406.0596618652344,406.34006819983387,403.3025183056718,405.3119686849688,63549500
2021-07-08,402.7510681152344,403.5081166897468,399.57330096190816,400.75094475455643,97595200
2021-07-09,407.05035400390625,407.3494426746745,402.55478259875076,404.2558173257462,76238600
2021-07-12,408.50836181640625,408.76073035250516,406.536304788165,406.9662269112006,52889600
2021-07-13,407.11578369140625,409.2187027689948,406.85408823599073,407.72328794262097,52911300
2021-07-14,407.7231750488281,409.29337586921633,406.4801291104558,408.8073497846872,64130400
2021-07-15,406.3307189941406,407.05972983900836,404.43341971053184,406.38679455738685,55126400
2021-07-16,403.1435546875,407.55501220685557,402.75102581295585,407.50829208648764,75874700
2021-07-19,397.1900634765625,403.209088281005,394.38617099707693,398.33031422579336,147987000
2021-07-20,402.8819274902344,404.1530401378472,397.0591676686946,397.85360950811923,99608200
2021-07-21,406.1438293457031,406.2840467930264,402.8352566332123,404.0783031286955,64724400
2021-07-22,406.9942321777344,407.2372452604418,405.33994628759945,406.32129700633567,47878500
2021-07-23,411.1813659667969,411.5178192735253,408.2372854422803,408.9195474884776,63766600
2021-07-26,412.19085693359375,412.20021236866125,410.5459261537889,410.5926462837905,43719200
2021-07-27,410.3122253417969,411.18142503169713,407.4896224241449,411.15338725210887,67397100
2021-07-28,410.1440124511719,411.51792083805464,408.7233839343774,410.93845431834467,52472400
2021-07-29,411.8450012207031,412.91982079238494,411.05991487644866,411.06927031045103,47435300
2021-07-30,409.84490966796875,411.29357581662805,409.1532635675781,409.28412555399376,68951200
2021-08-02,408.9850769042969,412.10674026622047,408.62991264660883,411.5553115323718,58783300
2021-08-03,412.3123779296875,412.4338844991458,407.5925037276187,409.7795364098606,58053900
2021-08-04,410.2842712402344,412.2843664783354,410.0506135217893,411.0319645301903,46732200
2021-08-05,412.8824462890625,412.96655962509095,411.1253360982536,411.4431070974712,38969700
2021-08-06,413.56475830078125,413.9853535543252,412.9198607907698,413.2002671340216,46930000
2021-08-09,413.22833251953125,413.8545192015544,412.46192839518204,413.53674814277605,41222600
2021-08-10,413.7423400878906,414.4526685963435,412.9946468851688,413.67690908891893,43339300
2021-08-11,414.77044677734375,414.8639155599606,413.6862716488568,414.80783999492405,44034300
2021-08-12,416.0135192871094,416.1537367311729,413.72369084389135,414.62092846348145,38909400
2021-08-13,416.7705993652344,416.7892817139917,415.9761574416634,416.4621552133837,39470300
2021-08-16,417.7519226074219,417.8827560853764,413.91993068902,415.47142121296486,73740000
2021-08-17,415.013427734375,415.87327201338974,412.0319534928369,415.2003367624512,92673900
2021-08-18,410.4710998535156,415.56484852636714,410.2281152693712,414.00400272308775,89351900
2021-08-19,411.1066589355469,412.3030136509168,407.61114913490746,407.7513380397817,92812200
2021-08-20,414.3778991699219,414.7050256555393,410.96650244315384,411.45252871527185,72008700
2021-08-23,418.0230407714844,418.92963391859547,414.4527437572799,416.0603101050644,54973000
2021-08-24,418.6865234375,419.21926979163254,418.1724879522138,418.6865234375,38744700
2021-08-25,419.5651550292969,420.0791906082296,418.49966212692135,418.8735372999682,40529700
2021-08-26,417.0883483886719,419.5183656415265,416.99487960448477,419.2847079423929,57829600
2021-08-27,420.8175354003906,421.19138203158167,417.8360607411706,417.8921363097158,77235100
2021-08-30,422.6680908203125,423.4531772582027,421.24743377041483,421.4904469021432,48357400
2021-08-31,422.0418395996094,422.9110393113264,421.44369077915854,422.57458594782264,59300200
2021-09-01,422.2662353515625,423.49059956655356,422.0325776231646,422.97656397314705,48721400
2021-09-02,423.5652770996094,424.3690457877398,422.3689509787344,423.6867836507604,42501000
2021-09-03,423.4624938964844,423.9765579301553,422.0325099688313,422.4344228744772,47170500
2021-09-07,421.94842529296875,423.21018261431715,421.2754899564276,423.1167138270563,51671500
2021-09-08,421.434326171875,422.1446546206983,419.51831615140816,421.41564382630884,56181900
2021-09-09,419.63055419921875,422.98587540724486,419.3875410597101,421.2381203442714,57970400
2021-09-10,416.3219299316406,421.97643464658915,416.2004233686548,421.55586791625456,89948200
2021-09-13,417.38739013671875,419.57445120398825,415.07885103030503,419.31275573342043,83738600
2021-09-14,415.1349182128906,419.03231214319595,414.2470076652523,418.8266922544094,78197100
2021-09-15,418.6024169921875,419.0977701394543,414.4526542585058,415.5555116773011,78792200
2021-09-16,417.9388427734375,419.0510271190857,414.99473310868217,418.07903168064803,77786700
2021-09-17,413.86767578125,417.59004823430996,413.51137369740354,417.168134146106,118425000
2021-09-20,406.966796875,409.3296017705494,402.10987722418974,407.7543985068498,166445500
2021-09-21,406.58233642578125,410.59537031179264,406.05726871090457,409.30144322368784,92526100
2021-09-22,410.5484924316406,412.5831513891095,406.6948671942367,408.85139337293356,102350100
2021-09-23,415.5366516113281,417.14001100580157,412.17996661282217,412.4143728690153,76396000
2021-09-24,416.2211608886719,416.9337651199925,413.6895616772255,413.90522575092706,62094800
2021-09-27,415.0304260253906,416.3524523571581,414.3365639302642,415.1898062831272,61371100
2021-09-28,406.6667175292969,412.59251441684535,405.93537117136833,412.26433994291904,130436300
2021-09-29,407.35113525390625,409.7795802277792,406.7885546104285,408.0449684995728,82329200
2021-09-30,402.3724365234375,409.5264917761639,402.0348766187246,408.8232729732289,140506000
2021-10-01,407.154296875,408.8326537442385,400.58156466232106,404.0976586371233,129240100
2021-10-04,401.90362548828125,406.89176913571015,399.76581284989487,405.9916570765266,128570000
2021-10-05,406.0854187011719,408.32632771246665,402.60683774485324,403.4037961536202,90682500
2021-10-06,407.7730407714844,407.9793193826561,400.8721356232664,402.49420829771526,113032200
2021-10-07,411.298583984375,414.13020116989895,410.86728449835147,411.0454355366307,72437500
2021-10-08,410.5484924316406,412.45189876084635,409.9202996692927,412.0674690550003,74557400
2021-10-11,407.5762023925781,412.7987803671197,407.5105617770027,409.8921372238028,65233300
2021-10-12,406.5729675292969,408.89828794249456,405.785365924999,408.49511604042164,71181200
2021-10-13,408.0356140136719,408.8513431322092,404.6226741156243,407.594929147859,72974000
2021-10-14,414.8990478515625,415.0490712799511,411.2235453911505,411.69235787459854,70236800
2021-10-15,418.0588073730469,418.42449481685196,416.3898362044381,417.00867206884914,66260200
2021-10-18,419.2964782714844,419.6340094982905,415.6209761000303,416.27732497087453,62213200
2021-10-19,422.53143310546875,422.5970451226729,420.3092373496492,420.9187166197971,46996800
2021-10-20,424.1909484863281,424.49099536699856,422.8782791509517,422.99078957769177,49571600
2021-10-21,425.2973327636719,425.5223536137635,423.1595488456662,423.5908483463569,41305400
2021-10-22,424.85662841796875,426.30996431243693,422.91573783259383,424.86601382430814,58845100
2021-10-25,427.13507080078125,427.46324528395957,424.1722008875209,425.9442973142117,45214500
2021-10-26,427.51947021484375,429.8916602272119,427.144425952367,428.68214462677764,56075100
2021-10-27,425.6254577636719,428.6446111455954,425.5504317463337,427.97890546543795,72438000
2021-10-28,429.7323303222656,429.80732773792477,427.0413509410185,427.05070773419686,51437900
2021-10-29,430.6042785644531,430.8949400235168,427.14444004690756,427.43510150597126,70162400
2021-11-01,431.3450622558594,431.9638982601933,429.6198354925865,431.5888253261382,48433600
2021-11-02,433.0888977050781,433.3983299188752,431.3824136689737,431.51369487823035,48908400
2021-11-03,435.7331237792969,436.1362956921223,432.0857485213813,432.52643344894864,52509800
2021-11-04,437.7864990234375,437.8708818410705,435.9862464051318,436.3331630823048,52847100
2021-11-05,439.305419921875,441.29318025230174,437.79585747597196,440.00863863956613,66390600
2021-11-08,439.68048095703125,440.89941061596096,438.9960330253521,440.4024705143944,50405200
2021-11-09,438.2271728515625,440.2805738708811,436.8207353651275,440.0461676231419,51149100
2021-11-10,434.7017822265625,438.22726206677805,433.2203470294367,436.5395195710356,69429700
2021-11-11,434.8423767089844,436.26758515556486,434.8236345082835,436.1925591246675,34848500
2021-11-12,438.1240539550781,438.67724930991125,435.16115531508916,436.1081657875227,53466700
2021-11-15,438.2740478515625,439.56797493267015,437.14891501750157,439.40859470618256,46980500
2021-11-16,440.0086669921875,441.1431852512349,437.9365237158013,438.01152112700873,48857500
2021-11-17,438.9397277832031,439.9242224676994,438.32089192487604,439.74607145027005,47858300
2021-11-18,440.4306335449219,440.6931674194312,437.2520708292828,439.97117780399594,50625600
2021-11-19,439.64300537109375,441.5651251990252,439.27731788187225,440.31806790988196,57315600
2021-11-22,438.4053039550781,444.00292604113224,438.1990253218852,441.518225650883,72762000
2021-11-23,438.9866027832031,439.83984487309516,435.47989482517465,438.0771054886185,73206500
2021-11-24,440.15863037109375,440.28052618496287,436.17372459112534,436.98945366666055,61858800
2021-11-26,430.34173583984375,434.96422009835896,429.21657442443677,433.50152742675596,112669600
2021-11-29,435.62060546875,437.4583425612124,432.9296261441328,435.1236653350825,86268800
2021-11-30,427.14447021484375,435.0861556207731,426.9006785426518,433.18277789277585,148559600
2021-12-01,422.4000244140625,435.68618205628803,422.2031311937479,432.8451797070104,131939200
2021-12-02,428.86968994140625,430.43553635703284,422.22193180478286,422.61574691393747,127637800
2021-12-03,425.13787841796875,431.58871344638754,420.9185665300391,430.5292213858788,137331600
2021-12-06,430.1729736328125,432.0482235973753,425.2691846744251,427.6788877462588,98977500
2021-12-07,439.0710144042969,439.633595102183,430.0416814760553,435.4424103932935,95484700
2021-12-08,440.23370361328125,440.68377393878586,437.71148993714627,439.4648728181905,72238800
2021-12-09,437.2614440917969,440.3368530852221,437.06455084489505,438.9491577219033,61272600
2021-12-10,441.3775634765625,441.52758690349503,437.41142821807136,439.9617692478392,77159800
2021-12-13,437.4677429199219,441.2088578538092,437.1864382259011,440.8619411504924,87724700
2021-12-14,434.4578552246094,436.6894070406909,431.54185555192583,434.20470680540546,97264100
2021-12-15,441.2463684082031,441.49013147147207,432.0013702393154,434.51422720060384,116899300
2021-12-16,437.35516357421875,443.37469964954175,435.8080595359977,443.09342361388826,116568600
2021-12-17,432.70050048828125,437.2827723193572,430.997439062657,434.28123782567144,135511600
2021-12-20,428.099365234375,428.4945351603184,424.4862394814665,427.62890570329984,107134800
2021-12-21,435.7019958496094,435.84312797159805,429.3507919289712,431.5148943716561,69806300
2021-12-22,440.0584716796875,440.1713773813337,435.2503599777173,435.44797367017134,58890200
2021-12-23,442.7964782714844,444.2925360057626,440.95228510851217,441.05577241344565,56439700
2021-12-27,449.0630187988281,449.1100532638039,444.12319396445406,444.1702284294298,56808600
2021-12-28,448.6960754394531,450.52146074512336,447.9339332846144,449.4958623974338,47274600
2021-12-29,449.27001953125,450.28619942831625,447.802188171838,448.7995600259367,54503000
2021-12-30,448.0279846191406,450.7001910745442,447.5669435079559,449.6934008752194,55329000
2021-12-31,446.8988952636719,448.68663568101795,446.6260494189647,447.53874202831184,65237400
2022-01-03,449.4864807128906,449.6182231773568,445.8545465639054,448.15978126090016,72668200
2022-01-04,449.3358459472656,451.6223008842784,447.48223441413006,450.9071932731494,71178700
2022-01-05,440.7076721191406,449.74050080120287,440.61357447061033,448.96894028365364,104538900
2022-01-06,440.29364013671875,443.0034914570786,437.93192425280233,440.2466056724417,86858900
2022-01-07,438.55303955078125,441.47931328156096,437.1981135652395,440.30316424651267,85111600
2022-01-10,438.0072326660156,438.22362566846715,429.62364055153137,435.36325245373706,119362000
2022-01-11,441.9967346191406,442.0908322693714,434.75164626994354,437.7437907456816,74303100
2022-01-12,443.19171142578125,445.2429369205549,441.2346123000405,443.72804221308974,67605400
2022-01-13,437.0851135253906,444.9417931268879,436.0595152339108,444.2925567024861,91173100
2022-01-14,437.26397705078125,437.6121125646515,432.7287395605385,433.9425333832712,95890900
2022-01-18,429.5201721191406,432.7851627070061,428.4098944174529,432.5781593461344,109709100
2022-01-19,425.0602111816406,432.45582165960354,424.7873365975809,431.0632797435182,109357600
2022-01-20,420.35565185546875,431.6372638548228,418.2385836592185,426.9420862438029,122379700
2022-01-21,412.103759765625,421.58821170548157,412.0755333410702,419.2359139440063,202271200
2022-01-24,413.85382080078125,414.3619251147175,395.901098425589,406.50524550753806,251783900
2022-01-25,408.8011169433594,413.7409421509055,401.9135823339121,407.47441758472695,167997300
2022-01-26,407.7755126953125,417.80571346524874,403.5225401054795,414.6818552495206,186391100
2022-01-27,405.7619323730469,415.50045053402,404.0777079047049,412.3672026513168,149878300
2022-01-28,415.8392333984375,415.88626787051186,402.54404110046244,407.1168944257264,164457400
2022-01-31,423.3288879394531,423.67702338927,413.82559991033423,415.1711072435179,152251400
2022-02-01,426.18927001953125,426.82908804425705,420.53433767425685,424.05336552481776,123155400
2022-02-02,430.329345703125,431.05384305532795,426.2833764423959,428.5886396673794,117361000
2022-02-03,420.2144775390625,426.20812763649417,419.37704575360794,424.3074813838875,118024400
2022-02-04,422.19036865234375,426.0293055549054,417.6080689818472,419.9792032496543,118454400
2022-02-07,420.83551025390625,424.3451203230606,419.5088108002381,422.95257835164983,84472900
2022-02-08,424.2979431152344,425.22005391373995,418.91588621316055,420.33668284723575,81012000
2022-02-09,430.50811767578125,430.82802671260504,428.1275935863995,428.32517855026134,92589900
2022-02-10,422.7737731933594,430.66806944150386,420.7790293131962,424.67441942143387,140103700
2022-02-11,414.4372253417969,424.92846773085336,413.00703862428105,422.85846290665194,153214600
2022-02-14,413.0823059082031,415.50989334254666,409.61973040303707,413.9291560964369,123006300
2022-02-15,419.7440490722656,419.91340763201026,416.99655245102997,417.51407522523783,88482700
2022-02-16,420.2144775390625,421.588211390658,415.82979106919817,417.70221089727113,84863600
2022-02-17,411.23809814453125,420.186247943638,410.63592485416507,417.0341632264874,102259100
2022-02-18,408.57525634765625,412.7435205102697,406.30763817495443,411.4920821949047,132642900
2022-02-22,404.1906433105469,409.7702869392554,400.6998126141375,406.37358261467153,124391800
2022-02-23,397.020751953125,407.662542699413,396.4561948551213,407.0979856014093,132578000
2022-02-24,402.9956359863281,403.42847944353576,386.3790300752348,386.7365552102814,213942900
2022-02-25,411.88739013671875,411.97206942109483,402.5816852321868,404.2282938735101,121804500
2022-02-28,410.8335266113281,412.3107765451423,405.25388303089113,406.50529284633944,145615000
2022-03-01,404.5763854980469,411.34159579885494,401.8759236906789,409.3374336179091,137785900
2022-03-02,412.0190734863281,413.740942784039,406.0724579549326,406.8251817399771,117726500
2022-03-03,409.9678649902344,415.0488225356622,408.1707060110163,414.44664922565886,105501700
2022-03-04,406.6370544433594,407.7661402300269,402.60050312317946,406.2418557535522,113978200
2022-03-07,394.649658203125,406.7592814126414,394.5837869801388,406.05359214668294,137896600
2022-03-08,391.6575622558594,401.9700272063481,390.5943191141427,394.82845492231417,164772700
2022-03-09,402.15826416015625,404.13420015154503,397.8394486342406,400.02238799071915,116990800
2022-03-10,400.34228515625,401.23614110856755,395.60004466085365,397.55714383339716,93972700
2022-03-11,395.2518615722656,403.43783985789673,394.7437572588801,402.8262482347944,95636300
2022-03-14,392.3632507324219,399.4671781987032,391.2247467020312,396.0234396841189,95729200
2022-03-15,400.9915466308594,401.6219464123901,393.6994228575472,394.96964080123826,106219100
2022-03-16,409.88311767578125,409.93957051689273,399.7023675150075,404.49167034765577,144954800
2022-03-17,415.0111999511719,415.0111999511719,407.5967527483876,407.9731146505722,102676900
2022-03-18,419.5567321777344,419.87763507524926,412.66669551110175,413.4028912886427,106345500
2022-03-21,419.4339904785156,421.38772166865976,415.93231566706595,419.3867810928451,88349800
2022-03-22,424.3420104980469,425.27640505720075,420.8214687288552,420.8214687288552,74650400
2022-03-23,418.877197265625,423.30381991515435,418.79225491588033,421.81256176889076,79426100
2022-03-24,425.19140625,425.2008538879378,419.7832096061072,420.8969363393452,64736900
2022-03-25,427.2679138183594,427.5416361124458,423.2471369609336,425.8238364518409,77101300
2022-03-28,430.3070983886719,430.3070983886719,424.7856157896072,426.6733001787727,68529800
2022-03-29,435.6302795410156,436.12109583341436,431.5056944584846,434.1862023802521,86581500
2022-03-30,432.9403991699219,435.30000450918726,430.83562083793777,434.4882852945164,79666900
2022-03-31,426.2768859863281,432.9970375414447,425.823831381212,432.17589947274035,121699900
2022-04-01,427.4849853515625,427.99463935727147,423.9172632927216,427.8530688001301,89048800
2022-04-04,431.1470642089844,431.25090181901925,426.86204176947047,427.68317979634264,59601000
2022-04-05,425.7011413574219,432.11925672118474,424.5591003737765,429.65584243367965,74214500
2022-04-06,421.4444274902344,423.7190907497015,418.5657201739074,421.7936733149173,106898000
2022-04-07,423.5680847167969,425.3802745470558,418.62236044413095,420.5666732140926,78097200
2022-04-08,422.4354553222656,425.32361011547357,420.89698794603316,422.8129864370016,79272700
2022-04-11,415.21514892578125,420.00985550143633,414.7149136208185,419.1698219646175,89770500
2022-04-12,413.6765441894531,420.7175978859881,412.1286293865626,418.19752691427806,84363600
2022-04-13,418.4146728515625,419.16973507105604,413.25185499529334,413.4311873130841,74070400
2022-04-14,413.2046203613281,419.7548865120772,413.1007827575576,418.64113099890267,97869500
2022-04-18,413.37457275390625,415.05461073103595,411.1470901663332,412.2797123367979,66002500
2022-04-19,420.0474548339844,420.76475517269427,413.1007626849386,413.2706473332826,77821000
2022-04-20,419.7360534667969,422.4354571159878,418.5751460041488,421.8219654514646,65224400
2022-04-21,413.45947265625,424.7383973991878,412.55339229515056,423.3509483444846,85417300
2022-04-22,402.11444091796875,413.47827749675685,401.54812997527915,412.3739985220946,132471800
2022-04-25,404.4457702636719,404.6156549215308,395.31880487171003,399.87757815067505,119647700
2022-04-26,392.7327880859375,402.11458288317993,392.7044739689954,401.9163552608038,103996300
2022-04-27,393.8370056152344,399.169736833569,391.70394193167726,393.80869150273776,122030000
2022-04-28,403.7851257324219,405.51237307337215,394.1485050200903,398.5751272035263,105449100
2022-04-29,388.8629455566406,401.95403088704296,388.11730223189977,399.80207204922027,145491100
2022-05-02,391.2036437988281,392.5627785875403,382.2748777111381,388.9289811149941,158312500
2022-05-03,392.9970397949219,395.4038260055901,390.14661777180356,391.7039805238848,100028200
2022-05-04,404.9648742675781,405.53118526756083,390.47689280324255,393.65763595496884,144247900
2022-05-05,390.57135009765625,401.1329469341785,386.44676416954945,400.7082064100307,172929100
2022-05-06,388.2400207519531,391.50570647733946,382.9450801949944,388.01350785652954,151770800
2022-05-09,375.8096618652344,383.5869123846669,374.23343271582064,382.3504814055953,155586100
2022-05-10,376.6779479980469,383.27539519585025,372.6477525173204,381.7746896823651,132497200
2022-05-11,370.6940002441406,381.3499860628742,369.94835688896774,375.71524733858433,142361000
2022-05-12,370.3069763183594,373.57266165703663,363.5207498600562,367.5037643543331,125090800
2022-05-13,379.1602478027344,380.5382491972758,373.39335762056186,374.4315896864937,104174400
2022-05-16,377.621826171875,381.2839385536254,375.27166828724563,377.5180173546355,78622400
2022-05-17,385.3896484375,385.62560898408395,379.9719747013643,383.70016285890136,83029700
2022-05-18,369.85400390625,381.12348248197793,368.6175728842904,380.84034133335325,117674500
2022-05-19,367.5887451171875,372.0059481432004,365.3707103676318,366.7959211904098,98510700
2022-05-20,367.74920654296875,374.7336324078952,359.1696852051724,371.16591037827914,131432200
2022-05-23,374.62982177734375,375.39433157969796,368.457086332618,370.7694822124612,76414900
2022-05-24,371.7699890136719,372.9592105064328,365.2291411864955,370.5146628553773,91448800
2022-05-25,375.0545959472656,377.0178039870792,369.8823587734453,370.2787563943249,91472900
2022-05-26,382.5486755371094,384.18153289436907,376.073931942696,376.2815783765453,82168300
2022-05-27,391.93988037109375,392.0531368146943,384.80443638650837,385.0026351628093,84768700
2022-05-31,389.74078369140625,393.07254576990726,387.0036468547426,390.3259612932842,95937000
2022-06-01,386.58831787109375,392.8648626531449,384.07769419751776,391.8549734040455,86585800
2022-06-02,393.95025634765625,393.9974369297573,384.1814851394755,386.4278338799512,79609600
2022-06-03,387.4849853515625,390.78843305581245,386.5128290364629,389.2405180200075,71874300
2022-06-06,388.6647644042969,393.21406164588547,387.4943805595861,391.48684319664267,57508900
2022-06-07,392.3929748535156,392.8460295110228,384.71953261443264,385.18203491181913,59272400
2022-06-08,388.1268005371094,392.4684805286195,387.33397652533813,390.6846048993001,64350000
2022-06-09,378.89599609375,388.6175587452947,378.89599609375,386.3523433395128,86289800
2022-06-10,367.9096374511719,373.55382355387263,367.862456867888,372.70437142833873,132893900
2022-06-13,353.9407958984375,360.3683584476511,352.3362527688543,358.5184359528124,170004900
2022-06-14,352.8742370605469,356.71568127410126,349.7784361620524,355.68689685396777,104011800
2022-06-15,357.90496826171875,362.34100925128496,351.2225494582893,356.1682732930812,125666800
2022-06-16,346.0597229003906,350.10881384000515,343.63404163139757,349.702968623294,134473300
2022-06-17,346.8057556152344,350.14245020385545,343.30795986691686,346.474006989018,111113900
2022-06-21,355.5360107421875,356.919964477543,352.44578533248426,352.5216350574921,76811900
2022-06-22,354.8915100097656,358.99598772773135,350.90074904768903,351.3178358414842,90059400
2022-06-23,358.3703918457031,359.1002793406204,353.46966494173824,357.0243625508475,79292100
2022-06-24,369.7642822265625,369.77377067490386,361.5079146879787,361.5363511048066,98050300
2022-06-27,368.3518981933594,370.97762381876527,367.26179695896616,370.68377119718616,66009600
2022-06-28,360.82550048828125,372.68398100101825,360.71175479299797,369.90658420443964,86548900
2022-06-29,360.5316162109375,362.36109348225904,358.7116273894593,361.3752782573753,65676000
2022-06-30,357.6025695800781,360.834977987892,353.156825579061,356.64516179349505,112508300
2022-07-01,361.384765625,361.8208293565842,354.33224330989844,356.94850998659183,74839700
2022-07-05,362.0672302246094,362.0862071237408,353.4790840960441,356.30389388763615,81438000
2022-07-06,363.29010009765625,365.7736442291068,359.8302001680812,362.2094581257224,70426200
2022-07-07,368.7310791015625,369.5273277554807,363.30898013880693,365.06263643850446,64525900
2022-07-08,368.42779541015625,370.29519752923926,365.5745491503481,367.10068528955685,72397800
2022-07-11,364.2190856933594,366.7215778956689,363.5270941091934,365.7547105106273,58366900
2022-07-12,360.9961242675781,366.0485507559225,359.25195608212715,363.66926385832295,62219200
2022-07-13,359.1002502441406,362.02934629353234,355.14744302288534,355.56452982281553,84224600
2022-07-14,358.2281799316406,359.3087928722651,351.715979081912,354.1521096552973,89704800
2022-07-15,365.07220458984375,365.1859502897795,360.72125799807424,362.6265563284071,79060400
2022-07-18,362.0578308105469,368.82596036630525,360.83500666975766,368.1529456840062,63203600
2022-07-19,371.84027099609375,372.4090283274704,365.31861090466685,365.97264856832055,78506000
2022-07-20,374.2100830078125,375.62250240338216,370.6648741646818,372.02988023942527,71843800
2022-07-21,378.020751953125,378.06813634762244,371.2336461823122,373.63188089355765,64903900
2022-07-22,374.5133972167969,379.3383025244326,372.29526973672574,378.143943990978,72197300
2022-07-25,374.9684143066406,375.8215358224329,372.7313098957775,375.1390328241593,53631500
2022-07-26,370.53216552734375,373.53705331768873,369.6411191276845,373.3285099278068,52946400
2022-07-27,380.1535339355469,381.8977018374365,373.52755888438156,373.8214115297532,82342100
2022-07-28,384.921630859375,385.6135934950256,377.4140966164,380.9593347805678,73966600
2022-07-29,390.5333251953125,391.5191695238333,385.58518450605675,386.3529969467856,87003700
2022-08-01,389.3768615722656,391.8793828026547,387.1302971071062,387.8412366937113,69997500
2022-08-02,386.8080139160156,391.4907383794108,385.63260303844,387.81280623295083,63435400
2022-08-03,392.8651428222656,394.0310649800449,388.6468906090099,388.93125481134643,67820600
2022-08-04,392.59979248046875,393.4718621327927,390.9598814965707,392.7893590044414,45656600
2022-08-05,391.9361572265625,392.5807353471059,388.26771450946586,388.3245873478551,56814900
2022-08-08,391.48114013671875,395.8700106498597,390.3815503961838,393.6234467801919,53886100
2022-08-09,389.9266052246094,391.25368644325886,388.8554517997777,390.7512903773344,44931800
2022-08-10,398.1166076660156,398.258818700046,395.01692204612334,396.96963344138766,68665700
2022-08-11,398.1166076660156,402.8183081055924,397.3772317875,400.96036549541424,59489700
2022-08-12,404.8564147949219,404.9606720519512,399.102536621325,400.05045609922075,61694500
2022-08-15,406.5246276855469,407.04600061972724,402.5907686609456,402.64764150057266,54048300
2022-08-16,407.3209228515625,409.2451978170758,404.64778356108576,405.4535207281274,59289000
2022-08-17,404.4297790527344,407.1313549468698,402.42968313864895,403.7283280008868,63563400
2022-08-18,405.60516357421875,406.2876376325339,403.3396227828059,404.62877901944364,49023200
2022-08-19,400.1546630859375,403.11216664311075,399.28256461046794,402.84675039895933,68016900
2022-08-22,391.8223876953125,395.50031863762473,390.9218529286444,395.3296712046477,77695600
2022-08-23,390.87451171875,393.7846307828097,390.3247023494631,391.39585573923233,49105200
2022-08-24,392.12579345703125,393.49077064865355,389.96453858867704,390.6470127203874,49177800
2022-08-25,397.66162109375,397.70900548583626,392.5238859364247,393.6139873082117,50942300
2022-08-26,384.201171875,398.0881839321778,384.1442990308555,397.547891912805,103087000
2022-08-29,381.66082763671875,384.7036410897511,380.30530971322975,381.25322920012394,65370800
2022-08-30,377.470947265625,383.0542059895712,375.3760536519589,382.8172261577202,85652400
2022-08-31,374.59869384765625,380.34308175251573,374.4660002053889,379.1013099434974,76029700
2022-09-01,375.77410888671875,376.1153458831206,369.7263802950117,372.4279555626427,78740100
2022-09-02,371.8118591308594,380.64647400085363,370.0013297859772,379.4331384469464,99632100
2022-09-06,370.40899658203125,373.5939919026862,368.19086864195987,372.6555609471726,76637400
2022-09-07,377.06329345703125,377.83110568507885,369.8780787401788,370.0960816393788,70964200
2022-09-08,379.5279235839844,379.98290632149366,373.59393967123003,374.79781566335777,80821700
2022-09-09,385.4239196777344,386.2865295476467,381.49952063845404,381.76493683471966,76706900
2022-09-12,389.56634521484375,390.28677304617617,387.1870588242466,387.4903999035653,69256300
2022-09-13,372.6270751953125,382.10626800654813,371.5085373863549,380.90239200547273,122947100
2022-09-14,374.0489807128906,375.5656574561683,370.75021096587693,373.9257465690702,85023700
2022-09-15,369.80230712890625,375.3381528851013,368.53209861998994,372.4943947202488,87633800
2022-09-16,366.9810791015625,367.63783250475103,363.6973120856197,365.6295206827052,103084800
2022-09-19,369.82696533203125,369.82696533203125,363.76392058262684,363.84008189633505,73278500
2022-09-20,365.5818786621094,367.51405803281153,362.8311539935767,366.50513850212155,77274900
2022-09-21,359.20477294921875,370.55036925173334,359.1952455228189,367.504555601014,106746600
2022-09-22,356.18756103515625,360.0709463739704,355.4451478506608,358.4338263970015,89472600
2022-09-23,350.21966552734375,352.7609904104437,345.78421269474035,352.7229097506912,122346900
2022-09-26,346.75506591796875,352.3707580104209,345.53674617910787,348.7538794551558,92581200
2022-09-27,345.8698425292969,352.5515599107997,343.48078239742836,350.2862401271678,108294100
2022-09-28,352.6753234863281,354.3600222961964,345.1274522170946,346.821678453464,110802200
2022-09-29,345.30828857421875,349.4200991606359,342.367189530678,349.1345668445761,112952300
2022-09-30,339.9686584472656,348.27799879138144,339.83541969328155,344.3660311283521,153711200
2022-10-03,348.9441833496094,350.79070306991537,341.9007722856018,343.6806581182504,89756500
2022-10-04,359.7568054199219,359.7853586515844,348.90614168269303,354.4551993806732,103602800
2022-10-05,358.9192199707031,361.17501250579096,353.07510228982494,355.397528717206,88065700
2022-10-06,355.2167053222656,360.47070383972516,354.72174385776447,357.5200770483229,82333500
2022-10-07,345.30828857421875,355.3023262947486,343.5474284997668,351.19048666130027,107789500
2022-10-10,342.6717529296875,346.659852271921,340.43501530969775,346.42189898919605,76042800
2022-10-11,340.5015563964844,345.53665504932576,338.56937726442624,340.97746287282405,92482800
2022-10-12,339.37847900390625,342.48139902682294,339.1309983011124,340.91091321016154,76991800
2022-10-13,348.3350830078125,349.8008834901985,331.3356839052994,332.3826842498608,147254500
2022-10-14,340.39697265625,352.41837848921915,339.7592450066515,350.7907569397952,123737000
2022-10-17,349.14410400390625,350.24821073516875,340.0637984886666,346.4695113964719,93168200
2022-10-18,353.2464599609375,357.3583002169347,349.8103989866183,357.05371300233446,97162900
2022-10-19,350.7431640625,353.93174409065676,347.93530350478727,351.2095432352664,79746900
2022-10-20,347.80206298828125,354.7122360773966,347.0405950042413,350.2958089110657,88283100
2022-10-21,356.2542724609375,356.739677579523,346.02227764001395,347.52613014462327,131038400
2022-10-24,360.61346435546875,361.74612439325887,355.13101099924324,357.77707959447656,85436900
2022-10-25,366.3719177246094,366.68600327248134,360.4230857441992,360.53729867069814,78846300
2022-10-26,363.61175537109375,368.9038357079342,362.9740566405652,363.23103580923544,104087300
2022-10-27,361.66998291015625,366.44807462100994,361.05128110498777,364.6110821532887,81971800
2022-10-28,370.2742919921875,370.7501985039981,361.3843618372089,361.5652086354592,100302000
2022-10-31,367.59979248046875,369.68426585196175,366.6955873080766,367.81871998807645,96631300
2022-11-01,365.9911804199219,371.5783479860967,364.8204688405162,371.34039469961164,85407600
2022-11-02,356.80621337890625,369.90317244332704,356.7015278683844,365.4010855031739,126990400
2022-11-03,353.1322021484375,356.16848838692556,351.0191758170607,353.5700280593983,87100100
2022-11-04,358.21484375,360.6134021561234,352.17082513091503,358.8335164171756,103505200
2022-11-07,361.6414794921875,362.23159909806725,357.4344518726958,359.50939792144624,68286900
2022-11-08,363.5926818847656,366.56233474373306,359.5189221082523,362.7455541021946,84641100
2022-11-09,356.1019287109375,362.7741495038233,355.60696718518795,361.6224344512429,78495500
2022-11-10,375.6711730957031,376.0043135418382,367.0572748219786,369.351119187772,141455800
2022-11-11,379.3070983886719,380.1066180137116,374.64319033872147,376.5277909851231,93839900
2022-11-14,376.0804138183594,380.89658611860307,375.8043798668183,377.5462142284,71903500
2022-11-15,379.28802490234375,382.9239582221826,375.4807721813481,381.8198514474499,93194500
2022-11-16,376.3945617675781,378.6122738619531,375.76636153620575,377.66046061084984,68508500
2022-11-17,375.2427978515625,375.91860608551974,371.34038726892305,371.6449453937852,74496300
2022-11-18,376.94659423828125,378.6408206344442,374.1006819611119,378.5741867367159,92922500
2022-11-21,375.5759582519531,376.7466989172969,373.73896579052973,375.6235663390515,51243200
2022-11-22,380.6300964355469,380.7919174617573,376.1089836932025,377.5176776993283,60429000
2022-11-23,383.0286560058594,383.51406095455076,380.06850204043604,380.29692789864373,68261600
2022-11-25,382.9429626464844,383.4950305265415,382.191051189936,382.4670560829331,30545400
2022-11-28,376.83233642578125,381.4962149118125,376.0708685003482,379.8590951809206,67881600
2022-11-29,376.1851501464844,378.15538144006086,374.34812855248094,376.96561491269216,52310000
2022-11-30,388.03521728515625,388.03521728515625,374.519486615748,376.4326114888511,144566700
2022-12-01,387.74969482421875,390.2434409456629,385.2464212750172,389.07270016589297,76398200
2022-12-02,387.30230712890625,388.20651222768515,382.76216868711776,382.86685419503635,85342700
2022-12-05,380.33502197265625,385.4177008262784,378.98346353454565,384.48494250767516,77289800
2022-12-06,374.8525390625,380.7157112233438,372.76809510416285,380.17319983401165,77972200
2022-12-07,374.2148742675781,376.5753814167961,373.0822142567911,374.0054742055746,65927900
2022-12-08,377.1463928222656,378.2124187884382,374.3195069079909,376.0994217071505,60737900
2022-12-09,374.3291320800781,378.45999830118234,374.2053917040091,375.909145637889,81447700
2022-12-12,379.7259521484375,379.7259521484375,374.4528979931233,375.11914991787853,75405800
2022-12-13,382.60040283203125,390.70984189180217,379.8401500031239,390.45286275137533,123782500
2022-12-14,380.1541748046875,385.9602409589763,377.21307559103866,382.257673780074,108111300
2022-12-15,370.85498046875,376.20416598654884,369.1988348015829,375.2999318308924,117705900
2022-12-16,366.4765930175781,369.6415593936089,364.34432159505855,368.302907769073,119858000
2022-12-19,363.3690185546875,367.0025351167428,361.70526779936387,366.6678648941245,79878100
2022-12-20,363.8662414550781,365.482194633709,361.2941043449694,362.61364283927566,74427200
2022-12-21,369.3069763183594,370.435266494614,365.92207660917404,366.4575373430041,78167400
2022-12-22,364.038330078125,369.28777027212345,358.34902428686854,366.2662256920997,100120900
2022-12-23,366.1324157714844,366.2758375341586,361.46623322301946,363.0152466207401,59857300
2022-12-27,364.6885070800781,366.36182878328543,363.01518537687076,366.017616610939,51638200
2022-12-28,360.15625,366.59137848650926,359.9267751898031,364.6216127041186,70911500
2022-12-29,366.63922119140625,367.50935219451696,362.47024348311885,362.99616222851824,66970900
2022-12-30,365.6733703613281,365.8167920978852,361.8486350909296,363.9618223377231,84022200
2023-01-03,364.13397216796875,369.49815002254616,361.274962367188,367.52841345608357,74850700
2023-01-04,366.9451904296875,368.9722958919306,363.3499291613042,366.3905873546689,85934100
2023-01-05,362.7570495605469,365.1092537639918,362.16422021646383,364.9945163658359,76970500
2023-01-06,371.07586669921875,372.1946147969525,362.7857679206914,365.845539153224,104189600
2023-01-09,370.86553955078125,376.4496802008699,370.68389142338765,373.2655709052982,73978100
2023-01-10,373.4662780761719,373.53321794947027,369.3451279864,370.28219867133123,65358100
2023-01-11,378.18988037109375,378.26639143115705,374.231293835196,375.04405606095594,68881100
2023-01-12,379.5667419433594,381.0297021014003,375.2256881711222,379.2894696301709,90157700
2023-01-13,381.039306640625,381.6130228505716,376.10539392375364,376.3731242643396,63903900
2023-01-17,380.34130859375,382.6935423019026,379.6624261074559,381.0202202604648,62677300
2023-01-18,374.33642578125,382.58829750949707,374.1356353327088,381.526947386791,99632300
2023-01-19,371.6113586425781,373.94442072442195,370.2918200719056,372.2997830998825,86958900
2023-01-20,378.53411865234375,378.6871115907864,371.36273880270227,373.0073764154368,91806400
2023-01-23,383.075927734375,385.0074085420892,378.38106168560785,379.337245503758,84178800
2023-01-24,382.6648254394531,383.57318267652687,380.21699688122226,381.40265563212273,59524900
2023-01-25,382.8081970214844,383.1428671935605,376.31570073269967,378.6009940622238,84800300
2023-01-26,387.01544189453125,387.17800600043023,382.5022526217131,385.46642861189923,72287400
2023-01-27,387.9046936035156,390.2760402786123,385.7628509166012,385.97321255052447,68346200
2023-01-30,383.0376892089844,387.37877210654403,382.7412745466371,385.1508473703547,74202000
2023-01-31,388.6696472167969,388.7174447402499,383.20981606709955,383.5540574493801,86811800
2023-02-01,392.8003845214844,395.5446571758706,384.7206470447407,387.45531934075285,101459200
2023-02-02,398.51837158203125,399.981331954011,394.7892597691829,396.6824854385565,101654500
2023-02-03,394.282470703125,398.70003602985804,393.0776695484089,393.5557615392747,94736800
2023-02-06,391.8728942871094,393.268944002585,390.2187145648804,391.8346679352162,60295300
2023-02-07,396.998046875,398.2410744328294,389.71192928803475,390.95495684586416,90990700
2023-02-08,392.65692138671875,396.3669196696717,391.9684677962696,395.02826801613645,76227500
2023-02-09,389.2529602050781,396.40522738183785,388.0290457920925,396.25223443266196,78694900
2023-02-10,390.16131591796875,390.5437836705012,387.2640796514173,388.0768126828916,70769700
2023-02-13,394.7414245605469,394.8753043260224,390.352543539111,390.8115223602018,64913500
2023-02-14,394.5597229003906,396.864100329501,390.6106788806823,393.22104214899304,88389300
2023-02-15,395.8410339355469,395.91751581058026,391.5286350725414,392.3700815999979,61555700
2023-02-16,390.3907775878906,394.8179138959173,390.25692701019995,390.8784407346895,76431500
2023-02-17,389.4154968261719,389.6545428210452,386.34612524209655,388.2680643786122,89257800
2023-02-21,381.6034851074219,386.4513451946088,381.34532592151567,385.39953691428894,82655900
2023-02-22,381.0776062011719,383.5541194328464,379.6241877439821,382.0146479112843,83742300
2023-02-23,383.1046447753906,384.577176151522,378.88787027584414,383.965204449082,96242400
2023-02-24,379.0121765136719,379.84405183245593,376.3922419822525,378.0942481460913,108194400
2023-02-27,380.3030090332031,383.707021167783,379.3659383654355,382.3492272761536,80444700
2023-02-28,378.8974609375,381.78512595829335,378.79226552930106,379.82496053517093,96438600
2023-03-01,377.44403076171875,379.30860107550785,376.1436346387775,378.0846868266854,99706800
2023-03-02,380.37945556640625,381.22090193596534,375.1395581071414,375.47422825599955,85127800
2023-03-03,386.4800109863281,386.7286281625777,381.54609807414363,382.1962961869598,90120000
2023-03-06,386.7477111816406,389.59714976739536,386.3078747490803,387.3022850157021,72795900
2023-03-07,380.81939697265625,386.9389980101572,380.2074543771584,386.69995200651795,108310600
2023-03-08,381.4408874511719,382.19625170885286,379.212962662717,380.9341111603913,74746600
2023-03-09,374.4034118652344,383.88877016600645,373.4185434936177,382.2249901315046,111945300
2023-03-10,369.00091552734375,375.9332484862883,367.48058669730784,373.8583166785041,189253000
2023-03-13,368.4749755859375,373.28460811867615,363.9713580532645,365.0805347641921,157790000
2023-03-14,374.56591796875,376.21055539266825,370.0909552792131,373.38980130348455,149752400
2023-03-15,372.2232666015625,372.4240570496017,366.89731528704147,368.98181836154816,172996900
2023-03-16,378.7539978027344,379.0982391870772,369.36429390384325,369.87107021323396,143254200
2023-03-17,374.3252868652344,378.55815418806935,372.9431249111748,377.425558203759,140553400
2023-03-20,377.92474365234375,378.3374942216171,374.4021719427654,375.1028314855244,93055800
2023-03-21,382.8870544433594,383.36697102971766,379.69079357481445,381.28412015653794,91524200
2023-03-22,376.36016845703125,386.3232414014182,376.3217962204962,382.71428861761933,111746600
2023-03-23,377.37762451171875,383.25179889041164,374.6708879123496,379.22048781510506,119351300
2023-03-24,379.8539733886719,379.9403548581303,373.75902695920195,376.1010222149094,107682400
2023-03-27,380.5642395019531,382.89665633801565,379.67160169490063,382.1287722364247,74010400
2023-03-28,379.7099609375,380.5641971213973,377.87667629457644,379.8731161528176,62871700
2023-03-29,385.2290954589844,385.4690537806492,382.6663276952182,383.86611930354206,77497900
2023-03-30,387.48468017578125,388.10856590647154,385.62260139743574,387.8589998974814,69840000
2023-03-31,392.9461975097656,393.24374351120224,388.3005782209444,388.40617512340344,112062600
2023-04-03,394.4434814453125,394.84659500245755,392.03429064106433,392.4278257842298,67391100
2023-04-04,392.2549743652344,395.37443168972544,390.88239088070605,395.0864642077818,66601500
2023-04-05,391.2279968261719,392.2838191469049,389.577082640603,391.52554275858984,65200200
2023-04-06,392.75421142578125,393.0325712994046,389.38518698879676,390.4314018268695,63743300
2023-04-10,393.1572265625,393.23402961478297,389.66344926995697,390.2777272293107,63681000
2023-04-11,393.2628479003906,394.6641961280183,392.4949930804865,393.78116601430696,59297900
2023-04-12,391.659912109375,395.61444936283374,391.0744279375137,395.3264818376402,86420400
2023-04-13,396.8622741699219,397.21740780284637,391.602377161458,392.744581127332,85814800
2023-04-14,395.8927917480469,398.4171577397506,393.58919793642514,396.22873922494233,78161500
2023-04-17,397.3133544921875,397.3325406110166,394.577824032139,395.8064093482449,66436400
2023-04-18,397.572509765625,399.0218673008723,396.1999552913603,398.8874765900454,63560000
2023-04-19,397.50537109375,398.4075874340768,395.60489064257166,395.6624782963843,55227300
2023-04-20,395.3361511230469,397.08305478926667,393.79080425161,394.693049912546,75840400
2023-04-21,395.64324951171875,396.10395069254025,393.6947893230702,395.6336418065236,73457400
2023-04-24,396.0559997558594,396.47832873039835,394.1075394245126,395.44169241406223,64332100
2023-04-25,389.7690734863281,394.6450428024144,389.7114858346393,394.0883231137075,97766700
2023-04-26,388.1181640625,391.4583943618871,387.56147365849546,390.3833857943013,80447000
2023-04-27,395.84478759765625,396.11353970438057,390.40252082176045,390.652086810784,92968400
2023-04-28,399.2234802246094,399.2330879315298,394.9042301280886,394.9618177860324,89433100
2023-05-01,398.8203125,400.8455465437123,398.58993260769745,398.7819109693187,62122300
2023-05-02,394.3378601074219,398.1580067083917,391.43917444922255,398.1099974743272,103998500
2023-05-03,391.6311340332031,397.24616414474065,391.39117573178515,394.83697342513307,91531800
2023-05-04,388.8572998046875,390.9113279949509,387.5231173537068,390.5849881625461,94901900
2023-05-05,396.0559997558594,397.102214486308,392.2262744508848,392.48541888407567,87891800
2023-05-08,396.16156005859375,396.64147667611564,394.76021173712985,396.3823322476967,50046800
2023-05-09,394.42425537109375,395.53766541370464,394.1939047732381,394.61623373049684,49220100
2023-05-10,396.26715087890625,397.88927136463667,392.44700411687967,397.25577792419296,96142900
2023-05-11,395.5760803222656,395.8640185793233,393.5028369960926,395.4033173680311,70157100
2023-05-12,395.0577392578125,397.0254148728848,392.63897016343816,396.8142503993596,70481500
2023-05-15,396.42071533203125,396.8238288685914,393.75238023444746,395.6624389099318,54289400
2023-05-16,393.7715759277344,396.2383543170176,393.761968222226,395.31689334176326,57705500
2023-05-17,398.551513671875,399.15618392738526,394.1458832024653,395.78718962241436,87287000
2023-05-18,402.390869140625,402.8131980774416,398.01403224251106,398.23477512417634,97177200
2023-05-19,401.8053283691406,403.82098374117817,400.58635087495577,403.29308725192675,103793300
2023-05-22,401.96856689453125,403.50430592203884,400.58640469895295,401.8245977682805,60745400
2023-05-23,397.45733642578125,401.9013689419868,397.0638012887145,400.32722839371974,86383500
2023-05-24,394.5777893066406,396.2383111304324,393.41639944632345,395.8543837451471,89213700
2023-05-25,397.99481201171875,399.4441694496832,395.84479511708275,398.0811934806872,90961600
2023-05-26,403.1491394042969,403.86901432087706,398.5707454798897,398.6475192492727,93830000
2023-05-30,403.30267333984375,405.60626696953454,401.9205113036728,405.0783704702366,72216000
2023-05-31,401.0663757324219,402.38134275024066,399.50184266738273,401.479097047602,110811800
2023-06-01,404.87677001953125,405.93259219595745,400.04881111857145,401.2965823232157,88865000
2023-06-02,410.7318115234375,411.51885243910056,406.92127277329087,407.4491692853337,91426200
2023-06-05,409.9447326660156,412.3635015907827,409.2440439412278,411.07732872105703,65460200
2023-06-06,410.83740234375,411.3652988856477,408.8793344192004,409.53204325524,64022200
2023-06-07,409.4168395996094,412.3635345526036,408.9945106484148,411.2309384070294,85373300
2023-06-08,411.89324951171875,412.34437231335727,408.71620378018724,409.48405866767195,61952800
2023-06-09,412.6322937011719,414.63834160760314,411.64366666036057,412.6898813507892,85742800
2023-06-12,416.3756408691406,416.4524439304632,412.89147087099775,413.61134578902306,76104300
2023-06-13,419.120849609375,419.7639215742297,417.17238900856563,417.8346763878753,95899700
2023-06-14,419.6199035644531,421.42439480568777,416.1741056268984,419.45674831132544,100612100
2023-06-15,424.8221740722656,426.0699454976172,418.7080413628314,418.8040012480244,110303100
2023-06-16,423.3750915527344,427.3731894001626,422.90303570152577,426.8047878199797,114165800
2023-06-20,421.1785888671875,422.32503554227975,419.1072877770987,421.4387253030806,76160400
2023-06-21,419.0205993652344,420.99555478179644,418.4329109170005,420.1959468611093,76982300
2023-06-22,420.5331726074219,420.6391323512952,417.72967888460175,418.06687430704443,70637200
2023-06-23,417.3539123535156,419.1362056994903,416.64100677536294,417.08416191308544,92074500
2023-06-26,415.648681640625,418.70263864501453,415.4078319979814,416.7854848977608,72823600
2023-06-27,420.20562744140625,420.82218732627064,416.07263875155775,416.52543732038123,72813700
2023-06-28,420.41754150390625,421.4290983033547,418.5100016357142,419.1265614695,75636000
2023-06-29,422.0745849609375,422.2383756741101,419.5986726779713,420.00328366247703,67882300
2023-06-30,427.0553894042969,428.0380455282395,424.96480121636677,425.2827392627515,104964000
2023-07-03,427.54669189453125,427.82605633249915,426.4291459408796,426.70853977944085,32793400
2023-07-05,426.9107971191406,427.6429894132442,425.7258063379871,425.7354497315169,58418400
2023-07-06,423.56787109375,423.9917688689175,421.063028622468,423.3366648166022,80658300
2023-07-07,422.4984436035156,426.438769743823,422.2575939538954,422.5755319557256,86134200
2023-07-10,423.56787109375,423.74127580161087,421.5736287515659,422.14203044995077,62443500
2023-07-11,426.2653503417969,426.7566930521444,423.3558970583311,424.32893908451956,64463800
2023-07-12,429.69500732421875,431.1015903646367,428.62564905437046,430.0514894814251,91924500
2023-07-13,433.1054992675781,433.89549322497544,431.0727422071223,431.506253963796,72425200
2023-07-14,432.83575439453125,434.83961069702235,432.07466121110787,433.9918445617416,69815800
2023-07-17,434.338623046875,435.3887239970372,432.6430320958501,432.6912196663996,52680200
2023-07-18,437.5660400390625,438.2115006773749,433.5775554716282,434.01109662916457,80668200
2023-07-19,438.5390319824219,439.7239933832524,437.48890168977437,438.3559839057652,65891700
2023-07-20,435.6295471191406,438.44268380742795,434.9166416038705,437.54673021651973,70591600
2023-07-21,435.6295471191406,437.54673021651973,435.6199331260899,437.34439535359957,71275600
2023-07-24,437.57568359375,438.3849349409323,435.7452026173443,436.77604624077406,54023400
2023-07-25,438.7702331542969,440.02263949533193,437.2576903912355,437.30587795856155,55191200
2023-07-26,438.83770751953125,440.263518637083,436.7856637889011,437.83576473919794,71052900
2023-07-27,435.9281921386719,442.62382369326946,435.0225951669556,442.2191833737535,92194400
2023-07-28,440.1961364746094,441.024645224626,435.9282579906258,439.1941936182639,80011800
2023-07-31,441.03424072265625,441.39069349037516,439.35790721415856,440.66814456102355,62040400
2023-08-01,439.772216796875,440.51402315707037,438.81843216166044,439.5698819163366,55291500
2023-08-02,433.65460205078125,436.9205079074881,432.90315234388123,436.6604008783812,93933400
2023-08-03,432.4118347167969,434.2904737931767,430.9956375639887,431.64112757810364,64276100
2023-08-04,430.45611572265625,436.32320952695244,429.9358722590493,434.2230076857938,100128900
2023-08-07,434.2134094238281,434.36755674020003,431.5929638466943,432.28661207007076,58357500
2023-08-08,432.32513427734375,434.2037733620173,428.9724964679823,431.67964426037906,71361300
2023-08-09,429.4349670410156,432.75870428928835,428.6738738420237,432.59491357535535,78789600
2023-08-10,429.58905029296875,435.1671361209915,428.4233462814403,431.7855978075418,93005500
2023-08-11,429.3385925292969,430.3501787286785,427.1227874459535,427.72008989099777,68690900
2023-08-14,431.7085876464844,431.7085876464844,428.1151292261153,428.4234238736149,47867400
2023-08-15,426.67962646484375,430.2923712690211,426.1111954097984,429.9358890851779,75707500
2023-08-16,423.548583984375,427.9223925566891,423.44259484772283,426.26534575201464,80107200
2023-08-17,420.3211669921875,425.273020314269,419.8009235363625,425.01291328665195,95711300
2023-08-18,420.52349853515625,421.5543421169173,417.1612467523088,417.5080561439708,98852000
2023-08-21,423.259521484375,424.0013277942752,419.38666984217986,421.53502982303786,68719000
2023-08-22,422.1130676269531,425.0321640493009,421.5543094057689,425.0321640493009,64994200
2023-08-23,426.8144226074219,427.4310117399543,423.0282736798397,423.1727775700932,68441000
2023-08-24,420.89923095703125,428.9243284062607,420.8703007742917,428.41372832126285,88517300
2023-08-25,423.866455078125,425.14776219480035,419.07836317797603,422.62366273446645,102325100
2023-08-28,426.5543518066406,427.1709115909124,423.8664616174519,426.05336574379237,61595400
2023-08-29,432.72015380859375,432.9995476574254,426.2653709047112,426.44841900560834,83081900
2023-08-30,434.5024108886719,435.1382574911251,432.35402143192493,433.05731299234867,69053900
2023-08-31,433.8665466308594,436.2557562391773,433.6834985527266,435.1189529964718,66084600
2023-09-01,434.67578125,437.06502016743536,433.2210400744053,436.5833209067049,58944100
2023-09-05,432.7972106933594,434.5506033353466,432.72979513066315,434.23269470933957,55166200
2023-09-06,429.88775634765625,432.0939475374288,427.5659620214055,431.987958395261,70758500
2023-09-07,428.5678405761719,429.24220190465525,426.5446977895423,426.8915071469469,70355400
2023-09-08,429.21331787109375,430.74511806057524,428.2595627004295,428.6160154651993,61659700
2023-09-11,432.0361022949219,432.34436749416994,430.12856253408137,431.83376742594476,60180100
2023-09-12,429.6661376953125,432.11317840274216,429.0881220484013,430.59102153155527,67565400
2023-09-13,430.1671142578125,431.3231749266096,428.78943192828973,429.8877204342684,60199300
2023-09-14,433.87615966796875,434.56980780447236,431.33280276784916,432.63339669886733,83430800
2023-09-15,428.648681640625,432.62223173023705,428.2136407942197,432.29352436707654,111848900
2023-09-18,428.90008544921875,430.1955896700722,427.86560575276553,428.3393267614431,55752200
2023-09-19,428.0106201171875,428.57137880593234,425.3326034960519,427.981617392204,66514600
2023-09-20,424.0758361816406,429.68324679400325,423.8727875752747,429.2675311788192,82562600
2023-09-21,417.0664978027344,421.49441429318694,416.91180676973505,421.233389771168,104095800
2023-09-22,416.12872314453125,419.6865285568745,415.71297806578804,418.09131961695476,100829700
2023-09-25,417.8785705566406,417.9172211836111,414.485104517223,414.92017485715184,70874500
2023-09-26,411.7394104003906,415.54859200929735,410.90794984146544,414.8428197503268,96168400
2023-09-27,411.9038391113281,413.47007499335564,408.268702550775,412.90931622583537,104705800
2023-09-28,414.291748046875,415.964317107926,410.762945679416,411.35270706101295,92258300
2023-09-29,413.28631591796875,417.5112133076614,411.7684378270295,417.3371969608053,115111300
2023-10-02,413.1219177246094,414.3690937958554,410.36654108063146,412.4548256054054,83798600
2023-10-03,407.5918884277344,413.1799731499237,406.2287013020404,410.94667474306095,103760600
2023-10-04,410.5599365234375,411.30435944495287,406.59606370497346,408.0559363281981,87453000
2023-10-05,410.4052429199219,411.2463514179395,407.1858225474584,410.269877205424,70142700
2023-10-06,415.2779541015625,416.81515765208843,406.63478734252965,407.95929439211045,113273300
2023-10-09,417.93658447265625,418.5069910271343,412.8318987010215,413.3829504373266,80374400
2023-10-10,420.1119079589844,422.70291641435927,418.16863686530417,418.56502711101643,78607300
2023-10-11,421.8327941894531,422.08414129890025,418.79703802262225,421.17537943505704,62451700
2023-10-12,419.2611083984375,422.8189135801861,416.91179922986146,422.44187816631086,81154200
2023-10-13,417.1728210449219,421.9584770278049,415.60661494268294,420.7596289275812,95143100
2023-10-16,421.56207275390625,422.6255551040407,419.1740835467255,419.4157827397426,75433200
2023-10-17,421.5427551269531,423.5923892481788,418.09131276942526,418.4393454760135,75324700
2023-10-18,415.9256286621094,420.7306097718711,414.8428210042976,419.77349041439385,93559800
2023-10-19,412.2711486816406,418.44899434083845,411.5944086302288,416.64108906158174,121323000
2023-10-20,407.2052001953125,412.37756965755136,407.0988371910665,411.8361657385735,123919900
2023-10-23,406.4993896484375,410.35692908932583,403.92770652261123,405.67760643648245,92035100
2023-10-24,409.5641784667969,410.71466914656554,406.7701212432729,408.61670687631084,78564200
2023-10-25,403.68597412109375,407.9109007331841,403.17357302000806,407.8818980106432,94223200
2023-10-26,398.8519592285156,403.4732461868108,397.93352008348836,402.622489890532,115156800
2023-10-27,397.0440673828125,400.83392348318415,395.62287503320994,400.4375332899705,107367700
2023-10-30,401.7911071777344,402.84491222424634,398.53300645045545,399.82851071417565,86562700
2023-10-31,404.31439208984375,404.63342201922916,400.4568531906025,402.36144387141417,79665200
2023-11-01,408.6263732910156,409.43847913059346,404.7495083565733,405.2812643437381,98068100
2023-11-02,416.4574279785156,416.61211901779166,412.39686933434086,412.41619465013827,94938900
2023-11-03,420.2569274902344,421.80380835994043,418.63271585397734,418.75840416588386,100167800
2023-11-06,421.22369384765625,421.66841210779677,419.2804228673673,421.0109973746679,67831700
2023-11-07,422.42254638671875,423.0606358569916,420.0829145000172,421.2237277176419,64256100
2023-11-08,422.7319641113281,423.5440700044392,420.43098266202935,423.0219913930459,61746000
2023-11-09,419.4351501464844,423.91142437106953,419.00975716373983,423.8727442351021,83174400
2023-11-10,425.9803161621094,426.2896982135309,419.4254351571336,421.5040718428815,89462200
2023-11-13,425.5743103027344,426.6764433760795,423.86309048956497,424.64619358239656,52236100
2023-11-14,433.83074951171875,435.1165763059157,431.2783917339626,431.50076562505876,97176900
2023-11-15,434.7491455078125,436.3927117469104,433.8983596665992,435.16486101976614,77327600
2023-11-16,435.28094482421875,435.59997479434537,433.24098818272,434.30447059030485,66665800
2023-11-17,435.8223571777344,436.43144390959674,434.37216191303287,435.2906012114316,83133200
2023-11-20,439.1770935058594,440.01820194313484,435.5612536604329,435.57093106914016,69936200
2023-11-21,438.2200012207031,439.0514618608499,436.9534996970191,438.13299304399567,49244600
2023-11-22,439.911865234375,441.22672421241435,438.81940964411666,439.87321460582723,59394900
2023-11-24,440.1825866699219,440.3759578384197,439.6315348978691,439.9602422808771,29737400
2023-11-27,439.38983154296875,440.36627627306393,439.00308920962266,439.55417048077294,50506000
2023-11-28,439.8248291015625,441.1203331786689,438.44231685931027,439.00304598057033,62115000
2023-11-29,439.5155029296875,443.10234049536746,439.1191421839662,441.97117519611106,63146000
2023-11-30,441.2460632324219,441.59412543023933,438.28766732031204,440.35662667945024,79752700
2023-12-01,443.8564453125,444.3881717849613,440.0472633152973,440.6369952391435,89183400
2023-12-04,441.52642822265625,443.8757373404589,439.2544498661346,440.4726232624604,72430900
2023-12-05,441.43939208984375,442.3965114095888,439.7668231281598,440.14388801429857,69793500
2023-12-06,439.6605529785156,443.60507121667763,439.225482586349,443.57606849081975,69124700
2023-12-07,443.0153503417969,443.6630877368815,441.13976201140014,441.73917136361564,66995400
2023-12-08,444.919921875,445.451648340426,442.02917923250493,442.27087844484373,83194400
2023-12-11,446.6504821777344,446.8245280398024,444.21416465607524,444.4268611503367,65002200
2023-12-12,448.6904602050781,448.7871457987425,445.30667095693167,446.30247061264276,68327600
2023-12-13,454.8778991699219,455.12927578193285,448.709730800554,449.0674408996175,93278000
2023-12-14,456.3377685546875,458.0006602364905,453.6693999362765,456.8114895469167,119026000
2023-12-15,455.5863952636719,456.9163018501235,453.7420397034311,455.7417134699126,141553700
2023-12-18,458.1491394042969,459.12957270241793,456.13006180277284,457.1881393985243,70375300
2023-12-19,460.93505859375,461.012732509764,458.61506136543755,458.69270565753243,55761800
2023-12-20,454.54779052734375,461.96405036999886,454.1206728290634,460.0808576886502,102921000
2023-12-21,458.85772705078125,459.1295265010188,455.1107457468796,457.5278204873464,86667500
2023-12-22,459.7799377441406,461.4592882220052,457.8870580411275,459.98377994700513,67160400
2023-12-26,461.72137451171875,462.62413389794295,460.109981297383,460.18765521976536,55387000
2023-12-27,462.5561828613281,462.7017844285322,460.98362668768385,461.5175089754055,68000300
2023-12-28,462.7308654785156,463.56566747559816,462.31346447997436,462.91530398929757,77158100
2023-12-29,461.391357421875,463.0609913493408,459.4402073535901,462.5367960308314,122283100
2024-01-02,458.80926513671875,459.7994151792477,456.71251340562264,458.3336234097308,123623700
2024-01-03,455.0622253417969,457.39193916554245,454.4603858132538,456.65418509885427,103585900
2024-01-04,453.59649658203125,457.1687269140432,453.3732210773095,454.5866169474703,84232200
2024-01-05,454.21771240234375,456.6639075045455,452.77132456262234,453.80028176128866,86118900
2024-01-08,460.7021179199219,460.84771948944723,454.5865853845721,454.71278328613425,74879100
2024-01-09,460.003173828125,461.02241437904433,457.54726208619434,458.05202403896755,65931400
2024-01-10,462.6047058105469,463.4686578138975,459.9934757568045,460.27499186871785,67310600
2024-01-11,462.4008483886719,464.1190060691037,458.43062113494074,463.6045274671268,77940700
2024-01-12,462.7211608886719,464.58494971105563,461.31363965656635,463.84719564870727,58026400
2024-01-16,461.0224304199219,462.6532272077025,459.2071951071508,461.34278348918724,85014900
2024-01-17,458.45977783203125,458.94513616011074,456.110630489601,458.00353981867966,68843900
2024-01-18,462.5367736816406,463.0900892897804,458.58597937392244,460.1294153145847,91856200
2024-01-19,468.3027648925781,468.58428097883166,462.58525997884743,463.66274109946323,110834500
2024-01-22,469.29296875,471.0111265282756,468.6425755704272,469.83656769535,75844900
2024-01-23,470.66168212890625,470.9043613024555,468.74939868030367,469.8365966379768,49945300
2024-01-24,471.1761169433594,474.45711397403113,470.68104202686277,473.5252343876121,81765000
2024-01-25,473.73883056640625,474.0106300348732,471.1761540957068,473.30199623812143,72525000
2024-01-26,473.1369934082031,474.79691054106985,472.29247468488353,473.3117152908374,76641600
2024-01-29,476.8839416503906,477.0295728420406,472.9040272208165,473.4476261562877,61322800
2024-01-30,476.5151062011719,477.2237103899132,475.7579187820987,476.19475312019154,58618400
2024-01-31,468.7396545410156,474.75807991768903,468.7202212489611,474.31155855924624,126011100
2024-02-01,474.87457275390625,474.9036930669608,469.6326794127357,470.43839078044346,91891600
2024-02-02,479.8737487792969,481.523949196212,474.97161226030033,475.31136898916844,99228200
2024-02-05,478.12640380859375,479.9028316062999,475.8743640258932,479.24275149109314,75757100
2024-02-06,479.51458740234375,479.84462748505155,477.64108188661896,479.06803644581043,55918600
2024-02-07,483.513916015625,483.93131701939416,480.8541325434168,481.75692144262655,70556500
2024-02-08,483.7275695800781,484.10613370157176,482.69861221283804,483.5140107138251,52343600
2024-02-09,486.523193359375,486.9599980744067,483.8925299274153,484.2322866772762,63979400
2024-02-12,486.3096618652344,488.7558572787602,485.59131136468835,486.4941004077062,56502300
2024-02-13,479.6116943359375,482.53356108402113,476.35010044182593,480.0485287007201,113099200
2024-02-14,483.9701843261719,484.4555426281319,479.9222830533005,482.2423099561509,68387800
2024-02-15,487.3094482421875,487.4938867654942,484.19342663721847,484.6690979139186,61683000
2024-02-16,484.88262939453125,488.14422275630824,484.14487534292635,487.0085009915144,75532900
2024-02-20,482.2132263183594,483.8149029118612,479.97087316267243,483.14510603430045,71736700
2024-02-21,482.6499938964844,482.80531210783914,479.10688422021883,480.9124325062878,59293400
2024-02-22,492.638671875,493.5996718242251,488.2898508655614,489.25088043870596,76402500
2024-02-23,492.97845458984375,495.1916873577398,492.25041710535265,494.35685563775104,61321800
2024-02-26,491.1729431152344,493.85213073904663,491.04674520195,493.4152963659735,50386700
2024-02-27,492.0853576660156,492.30863314805396,489.9692025931845,491.86211180789684,48854500
2024-02-28,491.43499755859375,492.0174038220213,490.17304819868775,490.53220860244136,56506600
2024-02-29,493.2016906738281,494.8130838290683,490.5516532421677,493.1920036518268,83924800
2024-03-01,497.83197021484375,498.2590878764062,493.6676174504883,494.07533144522296,76844800
2024-03-04,497.2981262207031,499.1425115484434,497.00692307628157,497.03607301464484,49799300
2024-03-05,492.3280029296875,495.7449440770518,490.1244870696133,495.29839314371003,72855600
2024-03-06,494.8227844238281,497.0748540345267,493.53174438668293,495.5993458504527,68382400
2024-03-07,499.734619140625,500.7830096761973,494.8810360564722,498.1135389799133,58652100
2024-03-08,496.735107421875,503.04473579557066,496.1623881738849,500.36560770630734,86532500
2024-03-11,496.30804443359375,496.8904803915719,493.6094531314212,495.5314829055719,62557200
2024-03-12,501.64697265625,502.22937893995004,495.90028750048145,498.41446966211043,73114400
2024-03-13,500.86065673828125,502.14200986510485,499.4240150117718,501.9672879725168,55104100
2024-03-14,499.8705749511719,501.98673024081194,496.832226949847,501.8313823905043,110171800
2024-03-15,496.4381408691406,498.2590460217431,494.77306623402836,496.80816405826874,107646300
2024-03-18,499.38848876953125,501.93966343615864,498.97953771699747,500.4985582011873,88893300
2024-03-19,502.1636962890625,502.44605736767124,497.6942371868493,498.6972103635703,60755300
2024-03-20,506.80841064453125,506.9447474953313,501.55028937128384,502.2221673565908,69594600
2024-03-21,508.4832763671875,510.3430798516799,508.2008558207935,509.6420207680806,60256100
2024-03-22,507.5191955566406,508.8823855528386,507.2854498071945,508.39551924735605,79070800
2024-03-25,506.1170349121094,507.2660322991133,505.96120440733904,506.1462159868013,48512100
2024-03-26,505.1822204589844,507.87947884663447,504.7830162330491,507.5386367689601,65463700
2024-03-27,509.4277038574219,509.4666912006187,505.8443747669276,508.00609219695343,82999800
2024-03-28,509.330322265625,510.8298490860622,509.0479612048705,509.4666590943707,96294900
2024-04-01,508.4442138671875,510.60593125263364,507.2854696375655,510.07039018205234,62477500
2024-04-02,505.21142578125,505.3477031709063,502.91337177957564,504.6271505881794,74230300
2024-04-03,505.7664794921875,507.266065898289,504.0721940901131,504.1208688391064,59155800
2024-04-04,499.5930480957031,510.10934946561747,499.2911933332161,509.76856679026787,96858100
2024-04-05,504.81219482421875,506.7694068986325,500.5083132867227,500.9465048519071,74546500
2024-04-08,505.0946044921875,506.5162756490336,504.2864491311744,505.51336185898396,48401800
2024-04-09,505.6788635253906,507.071294128757,500.839381191466,506.82786095826793,68049200
2024-04-10,500.61541748046875,502.60181066009386,498.6387711363,499.9922143304957,82652800
2024-04-11,504.39349365234375,505.8345989017068,498.62901322296943,502.13442685782303,70099000
2024-04-12,497.43133544921875,502.2707879594682,495.70780962230026,500.85886371567153,92561100
2024-04-15,491.199462890625,501.7644387082916,490.3522904966187,501.5989207934361,92101400
2024-04-16,490.3035888671875,493.19557596027215,489.018254666714,491.676555438244,73484000
2024-04-17,487.4018249511719,492.92290168590637,486.00939451097605,492.7573540743495,75910300
2024-04-18,486.3989562988281,490.8878795783521,485.46418121059236,488.794360179131,74548100
2024-04-19,482.1534423828125,487.31421332567436,480.8875721611567,486.3210167619427,102212600
2024-04-22,486.5937194824219,489.18385210193054,482.41639776348796,484.7533503648902,67961000
2024-04-23,492.3678894042969,492.79633413093177,486.4086505723251,488.5995489497242,64633600
2024-04-24,492.13427734375,494.0427852311199,489.9141678416356,493.2540640735244,55928100
2024-04-25,490.2646179199219,491.02412816029823,484.42222231211605,486.0678327855915,69122400
2024-04-26,494.9093933105469,496.48683553540934,492.41663996726425,493.04956028124485,64306100
2024-04-29,496.66204833984375,497.33392621215023,493.92586210692747,496.69125912925006,46415400
2024-04-30,488.79437255859375,496.1752536684076,488.79437255859375,495.2015209263445,77483600
2024-05-01,487.2071533203125,494.841213980312,486.7397509352648,488.2100967940072,80242800
2024-05-02,491.76416015625,492.6015856213337,486.42809495843517,490.9072707374517,62550200
2024-05-03,497.85980224609375,499.08668524553275,495.20150126804214,497.73321224009646,72756700
2024-05-06,503.0010681152344,503.039996024656,499.81694342031363,500.25513498697876,47264700
2024-05-07,503.55609130859375,504.94852179554,502.88421343694205,503.9650423598839,52561300
2024-05-08,503.6047668457031,504.14030789046143,501.60862689782874,501.7254700555243,42047200
2024-05-09,506.5065002441406,506.54548758690595,503.13742328274043,503.78980752288453,43643700
2024-05-10,507.1589660644531,508.9116730396104,505.94180018838176,508.1034582569593,52233200
2024-05-13,507.22705078125,508.94082976185797,506.0878002167031,508.8337334335511,36716400
2024-05-14,509.5543212890625,510.070428158798,506.8863031411852,507.42184425163964,57535900
2024-05-15,515.8641357421875,516.1562436643347,511.38492968552964,512.0178797101214,59504900
2024-05-16,514.802734375,517.558414507879,514.6566506998298,515.9614786446474,50244800
2024-05-17,515.5428466796875,515.6110151080264,513.4687910457112,514.9196434193897,59187600
2024-05-20,516.1367797851562,517.5973789121299,515.2701433728218,515.6596602461204,37764200
2024-05-21,517.402587890625,517.5584184029028,515.1727614260365,515.3772666864285,33437000
2024-05-22,515.912841796875,517.4221156794935,513.7413773413039,516.7113097871478,48390000
2024-05-23,512.1444702148438,519.0676954201629,510.93699174891134,518.9605990872589,57211200
2024-05-24,515.5330200195312,516.3412347653415,513.0402667962413,513.9847589456947,41291100
2024-05-28,515.8933715820312,516.5749964273494,513.2642811397658,516.3413100648252,36269600
2024-05-29,512.2807006835938,513.458938533357,511.5698948988185,511.87174962966077,45190300
2024-05-30,508.88238525390625,511.4043788648702,507.6360384172024,510.7422478216335,46377600
2024-05-31,513.517333984375,513.6439239713764,504.7439941340697,509.8366558224101,90785800
2024-06-03,513.9360961914062,515.4064420460951,508.87267437322015,515.1240809646227,46835700
2024-06-04,514.5106811523438,515.2507275789484,511.17078482758455,512.6313840068518,34632700
2024-06-05,520.6256103515625,520.645104022442,514.8416361330836,516.8280887412405,47610400
2024-06-06,520.615966796875,521.3560132540258,518.6879948188819,520.9275684331457,30808500
2024-06-07,519.9829711914062,522.787325920015,518.5515533208824,519.6421291117942,43224500
2024-06-10,521.5896606445312,521.9110090941606,518.5808597177815,519.1748224338155,35686100
2024-06-11,522.8457641601562,522.9041857425336,518.0744503489441,520.0414093421914,36383400
2024-06-12,527.1399536132812,529.8274655446977,526.1077992631506,527.4028804771598,63251300
2024-06-13,528.2012329101562,529.0581223075357,525.4163720846324,528.8828575806059,44760900
2024-06-14,528.522705078125,528.551886156822,525.6696157422205,526.6725890295746,40089900
2024-06-17,532.7291259765625,534.1216160104203,527.3833430672393,527.8410283318889,55839500
2024-06-18,534.0827026367188,534.2092926573293,532.3689233717765,532.7876213507444,41376400
2024-06-20,532.6317749023438,535.669816103357,530.8595742964317,535.0076850141029,70328200
2024-06-21,531.9176635742188,533.0313142277637,530.4621308750893,531.810221745453,64338600
2024-06-24,530.1885375976562,534.3011982327657,530.0713174980777,531.7417933525489,45528700
2024-06-25,532.2303466796875,532.5917853363576,529.8956032092343,531.4097461795637,37936200
2024-06-26,532.8945922851562,533.6076912884868,530.4719636310322,531.1166742934914,38550600
2024-06-27,533.7346801757812,534.3110621107577,532.0153722749866,532.7578061070262,35041500
2024-06-28,531.6343383789062,537.5542520433446,530.3937489459842,534.5063503169283,76144500
2024-07-01,532.7285766601562,533.2560672380866,529.973784394742,533.0118486999152,40297800
2024-07-02,536.3135986328125,536.3135986328125,531.0775683576217,531.126400132376,40434800
2024-07-03,538.70703125,539.068469909586,535.9620173191718,536.0010708200014,32789900
2024-07-05,541.8134765625,542.213968717536,538.3748605783948,539.0098526062544,41488400
2024-07-08,542.4385986328125,543.3861377502993,541.3737797869028,542.5948722312855,36110500
2024-07-09,542.9661865234375,544.2947210316149,542.6731362089374,543.396013525926,27289700
2024-07-10,548.3389282226562,548.6808102777995,543.894163387503,544.1872136667199,38701200
2024-07-11,543.61083984375,549.3255886798729,542.9759074999535,548.4561564855596,53054200
2024-07-12,547.0396728515625,550.6345620898736,544.2653840243584,544.7342644743289,53084400
2024-07-15,548.544189453125,551.777640618941,546.6881046530688,549.0326265453853,40584300
2024-07-16,551.7970581054688,552.090108393895,549.1008762046278,549.8530882979716,36475300
2024-07-17,544.060302734375,547.5477506768178,543.7379175635831,545.8772743812609,57119000
2024-07-18,539.879150390625,546.580551242634,537.7007404833427,545.593898977862,56270400
2024-07-19,536.2940063476562,541.2663208584747,535.2389658144236,539.6446767543289,65509100
2024-07-22,541.8231811523438,542.4288382548532,538.2771238069361,540.2113152231016,43346700
2024-07-23,540.9733276367188,543.8648365993427,540.484890622907,541.7157018138391,34439600
2024-07-24,528.7135009765625,536.4698829953903,527.7952370228695,536.1670544374522,74515300
2024-07-25,525.9586791992188,534.7994361794972,525.0209183627663,528.8306910081631,61158300
2024-07-26,531.8492431640625,534.5356464631268,528.9674531548811,529.7392217162956,53763800
2024-07-29,532.161865234375,534.3988851266782,530.169004207153,533.3927359573876,39515800
2024-07-30,529.4658203125,534.6823548134623,526.0663171509535,533.6273139750385,46853600
2024-07-31,538.0719604492188,540.6997538692295,534.9166765387299,536.2842643515584,65663400
2024-08-01,530.452392578125,542.0381046138815,526.9551667505608,539.7913062018092,76428700
2024-08-02,520.5762329101562,524.5716145988897,516.3756265717791,523.3603002519518,82789100
2024-08-05,505.4151306152344,511.47176200774925,498.4695402072865,499.8078827767836,146267400
2024-08-06,510.0748596191406,517.4990792856169,505.89380965132887,507.21256590008903,84826300
2024-08-07,506.66546630859375,519.2965001883216,506.06958745039486,516.248598311969,70698300
2024-08-08,518.3782958984375,519.0034500456989,509.77203694963987,511.7941139882875,63276600
2024-08-09,520.6641235351562,522.1489912653111,516.3365783728381,517.5576710131196,45619600
2024-08-12,520.9376220703125,523.3406939742863,518.6712672136742,521.8558860240913,42542100
2024-08-13,529.5048217773438,529.7393216479126,523.878076980635,524.1222955084382,52333100
2024-08-14,531.1752319335938,532.3572709257232,527.6291745808618,530.2960214933445,42446900
2024-08-15,540.27978515625,540.5630571909627,536.1866801444643,536.7923373384469,60846800
2024-08-16,541.4910278320312,542.1846298407453,538.5115740387317,538.6678476452682,44430700
2024-08-19,546.66845703125,546.66845703125,541.0514314058853,541.9013070349608,39121800
2024-08-20,545.7794799804688,547.8700045132335,544.4411674580102,546.2190851764095,33732300
2024-08-21,547.6551513671875,549.1106842316043,541.9013486274712,546.8248322343893,41514600
2024-08-22,543.35693359375,550.1559994238155,542.1456191373768,549.5503421956289,56121500
2024-08-23,549.1301879882812,550.0680084955276,544.4020915801096,546.5903394303513,50639400
2024-08-26,547.8212890625,550.8691319518803,546.1215374076925,550.1560328291254,35788600
2024-08-27,548.5734252929688,549.0618623501647,545.4083627021253,546.5512887213379,32693900
2024-08-28,545.3887939453125,548.661357929549,542.204174863817,548.2315309438809,41066000
2024-08-29,545.4376220703125,550.644377643334,544.2946960843145,547.352316743397,38715200
2024-08-30,550.6443481445312,551.1523417216108,544.2556134288437,547.8016709409602,62700100
2024-09-03,539.3126831054688,547.8407751289367,536.8021094517958,547.5086116923438,60600100
2024-09-04,538.208740234375,541.608242662233,536.7532075195429,537.4760847370844,47224900
2024-09-05,536.8997192382812,540.9928237930679,534.4477558926965,538.1501466111926,44264300
2024-09-06,527.8636474609375,538.8437022454943,526.9649400293706,537.2221175565589,68493800
2024-09-09,533.773681640625,535.043665505135,530.1299607989381,532.0544335310877,40445800
2024-09-10,536.0986328125,536.4503527479894,530.8137709847371,535.678584169421,36394600
2024-09-11,541.5985107421875,542.5167747623394,527.4729497044474,536.0108196239122,75248600
2024-09-12,546.1605224609375,546.4633510224045,539.9573366553728,542.1748597619055,51819600
2024-09-13,549.0130615234375,550.0094922558702,546.5122660345418,546.7662628583907,39310500
2024-09-16,549.8237915039062,550.0875069413107,546.9517795427174,548.7491943236346,36656100
2024-09-17,550.0484619140625,553.477299266029,547.8211605278194,552.0314851715059,49321000
2024-09-18,548.4171752929688,555.5385664291312,547.8603498689396,550.7030274298603,59044900
2024-09-19,557.7755126953125,559.6315971955383,554.9426137920285,557.8048475354702,75315500
2024-09-20,556.8114013671875,557.8500616857909,553.793383536953,556.4096807844697,77503100
2024-09-23,558.2026977539062,558.8494456443765,556.6642942041962,557.8793836152081,44116900
2024-09-24,559.7999267578125,559.8587165873663,556.1743944512203,558.9964258828836,46805700
2024-09-25,558.5652465820312,560.3780425284191,557.4579883539482,559.6431398003925,38428600
2024-09-26,560.7798461914062,563.1413674659622,558.428192996937,562.8179934718497,48336000
2024-09-27,559.966552734375,562.6611965458859,558.9377006949258,561.8479471107624,42100900
2024-09-30,562.21044921875,562.8179640810873,556.6447925339722,558.9376557740085,63557400
2024-10-01,557.1738891601562,562.5043864049716,554.6066335561335,561.8576982708267,72668800
2024-10-02,557.4091186523438,558.4282222492225,553.8914170466389,556.2823034605133,38097800
2024-10-03,556.3899536132812,558.3300776437013,554.1068390984451,555.9391917508498,40846500
2024-10-04,561.4461059570312,561.8184614824812,556.6643337627131,560.8287828388663,42939100
2024-10-07,556.370361328125,560.446655391967,555.2239297880301,559.7999074826037,49964700
2024-10-08,561.6322631835938,562.230029540932,558.0655806170524,558.9376197622599,37398700
2024-10-09,565.5223999023438,566.0809331902332,561.0247685875196,561.6224751598685,37912200
2024-10-10,564.53271484375,565.9535388259317,562.9257131010544,564.1799758679994,44138100
2024-10-11,567.9132690429688,568.6481717987969,564.3171018304082,564.4542980317323,42268000
2024-10-14,572.5578002929688,573.4886890058166,569.0400397275337,569.5201665882303,36217200
2024-10-15,568.1093139648438,573.1262458468478,566.8942243784207,572.8224884018784,54203600
2024-10-16,570.5785522460938,571.097912292803,567.3058184280349,568.1093193754714,30725400
2024-10-17,570.6275024414062,574.3216329805343,570.4413246734956,574.1158386665669,34393700
2024-10-18,572.822509765625,573.6063941876963,570.852960533333,572.3129579783322,37416800
2024-10-21,571.8817138671875,573.0771269383695,568.9126781204517,572.0972566282711,36439000
2024-10-22,571.5779418945312,572.7341816541917,568.6971208640092,569.3536172092114,34183800
2024-10-23,566.3552856445312,570.0004346494243,562.8571411229607,569.5594810059998,49314600
2024-10-24,567.580078125,568.3835789691921,564.9638411001258,568.3051725972728,34979900
2024-10-25,567.3841552734375,572.6950960929863,566.4435179318251,569.8044663478088,47268200
2024-10-28,569.13818359375,570.9803448675634,568.8344261393737,570.8529569215461,30174700
2024-10-29,570.0592651367188,571.1762720247682,566.7864714367279,568.1778707648036,42899700
2024-10-30,568.3346557617188,571.5780244818477,567.6291179550885,569.5888588084969,41435800
2024-10-31,557.193603515625,564.0428890862833,556.9976174444517,563.974290971045,60182500
2024-11-01,559.5452270507812,563.9644525610958,559.1336981878939,559.8196194970722,45667500
2024-11-04,558.33984375,560.9756970155746,556.4585096866238,559.6822611574623,38217000
2024-11-05,565.09130859375,565.1304818819561,559.0357163025479,559.2512590975022,39478300
2024-11-06,579.1425170898438,580.0146160051545,573.6062858121453,577.3395892403747,68182000
2024-11-07,583.62060546875,584.639708979933,581.063158030651,581.1415644099445,47233200
2024-11-08,586.148681640625,587.5695056932594,584.1693242787533,584.1693242787533,46444900
2024-11-11,586.707275390625,588.0888664930864,584.9826937261699,587.7361274635068,37586800
2024-11-12,584.8846435546875,587.2264882691159,582.4055428293386,586.6287817012992,43006100
2024-11-13,585.1688232421875,587.1677373847895,582.9837313260188,585.3451927424278,47388600
2024-11-14,581.4061279296875,585.7763718199695,580.7202664359244,585.2962448517161,38904100
2024-11-15,573.9590454101562,578.3194803370213,572.1070761341368,577.8491019104924,75988800
2024-11-18,576.3108520507812,577.6238450144261,573.5574183688442,574.4196493771738,37001700
2024-11-19,578.41748046875,579.142574989824,572.2737337790142,572.9400384688264,49412000
2024-11-20,578.613525390625,578.897666302881,572.8616903884546,578.4959457161364,50032600
2024-11-21,581.7196044921875,583.1404284379229,575.6248397212988,581.4550801704302,46750300
2024-11-22,583.522705078125,584.1498365668012,581.210224996001,581.7099087255345,38226400
2024-11-25,585.501953125,588.7648782973704,583.2188384863542,587.4518855330788,42441400
2024-11-26,588.5591430664062,589.2254477201681,586.0310608458545,586.7463470552605,45621300
2024-11-27,586.7758178710938,588.755115442667,585.2570306878304,588.3730114334577,34000200
2024-11-29,590.4208374023438,591.2047216811674,587.314665296655,587.5889978813017,30177400
2024-12-02,591.4791870117188,592.1552999944694,590.3425038316959,590.8324390421951,31746000
2024-12-03,591.7534790039062,591.9984465923378,590.2151351783115,591.2439870884159,26906600
2024-12-04,595.427978515625,595.6729460981672,592.7725681970518,593.438872844782,42787600
2024-12-05,594.4481811523438,596.2315525489399,594.0954421437544,595.4280516027892,28762200
2024-12-06,595.5750122070312,596.8096584526629,594.800936138575,595.212464951605,31241500
2024-12-09,592.5079956054688,595.6239761392873,591.9200973185369,595.4574149257465,34742700
2024-12-10,590.665771484375,593.605382218179,590.0092751663215,593.1840451897845,37234500
2024-12-11,595.2320556640625,596.1825011825678,593.3114882757061,593.5858806768452,28677700
2024-12-12,592.1651000976562,594.9380902901107,592.1651000976562,594.3698085144841,31543800
2024-12-13,592.0474853515625,594.9086900260288,590.6756429397628,594.1934038090473,35904700
2024-12-16,594.575439453125,595.5455612250375,593.0272875396962,593.8013634964105,43695200
2024-12-17,592.1257934570312,592.9880840930309,590.7540109408761,592.0278303510687,55773500
2024-12-18,574.4784545898438,594.2031909866316,574.0962907751041,591.822113059209,108248700
2024-12-19,574.302001953125,581.0631314525076,574.057034359764,579.456129686489,85919500
2024-12-20,581.199951171875,585.7225012446567,571.132257605004,571.9778279294948,125716700
2024-12-23,584.680419921875,585.2801382457641,577.7687172457148,580.9443919924163,57635800
2024-12-24,591.1791381835938,591.2185033240278,585.4472496940897,586.0273454449668,33160100
2024-12-26,591.218505859375,592.3392722176656,588.0133673077331,589.4094496188982,41219100
2024-12-27,584.9949340820312,587.7183292627742,580.8164691334702,587.4823184826345,64969300
2024-12-30,578.3192749023438,581.7800467977985,574.5734057798932,577.9948725430215,56578800
2024-12-31,576.2152709960938,580.6985158642835,574.583178079053,579.9807622286955,57052700
